admin3_pcode,battles,explosions_remote_violence,protests_and_riots,strategic_developments,violence_against_civilians,total_idps,fatalities,score_i,index_battles,index_explosions_remote_violence,index_violence_against_civilians,index_fatalities,index_strategic_developments,index_protests_and_riots,env_battles,env_explosions_remote_violence,env_violence_against_civilians,env_fatalities,score_env,admin1,admin3,partners,beneficiaries,old_conflict_score
MMR001001,12,23,20,32,14,13323,15,0.21617606396005867,0.07843137254901959,0.29870129870129863,0.2916666666666667,0.027777777777777776,0.3440860215053764,0.5714285714285715,0.0784313725490196,0.2987012987012987,0.2916666666666667,0.027777777777777776,0.1741442789236907,Kachin,Myitkyina,6,11081,0.25752871754408524
MMR001002,40,36,2,12,8,24514,13,0.1813382948596005,0.26143790849673193,0.46753246753246747,0.16666666666666669,0.024074074074074074,0.12903225806451615,0.05714285714285715,0.26143790849673204,0.4675324675324675,0.16666666666666666,0.024074074074074074,0.22992777919248505,Kachin,Waingmaw,10,15365,0.1692582037413074
MMR001003,9,1,0,1,0,0,0,0.010467951044607925,0.0588235294117647,0.012987012987012991,0,0,0.010752688172043019,0,0.058823529411764705,0.012987012987012988,0,0,0.017952635599694424,Kachin,Injangyang,2,641,0.016286323240568414
MMR001004,34,16,0,9,3,1226,51,0.07592961348003292,0.22222222222222218,0.20779220779220778,0.0625,0.09444444444444444,0.09677419354838711,0,0.2222222222222222,0.2077922077922078,0.0625,0.09444444444444444,0.14673971861471863,Kachin,Tanai,3,1926,0.11373356135653806
MMR001005,0,0,0,4,0,2719,0,0.011088817322836423,0,0,0,0,0.043010752688172046,0,0,0,0,0,0,Kachin,Chipwi,4,960,0.004790880759903989
MMR001007,18,18,8,18,13,345,102,0.1311428960153703,0.1176470588235294,0.23376623376623376,0.27083333333333337,0.18888888888888888,0.19354838709677422,0.2285714285714286,0.11764705882352941,0.23376623376623376,0.2708333333333333,0.18888888888888888,0.20278387870299636,Kachin,Mohnyin,2,2438,0.19701949455271053
MMR001008,12,4,6,8,5,1571,4,0.06280826587037622,0.07843137254901959,0.051948051948051945,0.10416666666666666,0.00740740740740741,0.08602150537634409,0.17142857142857143,0.0784313725490196,0.05194805194805195,0.10416666666666667,0.007407407407407408,0.06048837464278642,Kachin,Mogaung,4,1563,0.08506374755679742
MMR001009,77,66,10,24,14,3840,145,0.2719865119096386,0.503267973856209,0.8571428571428571,0.2916666666666667,0.2685185185185185,0.25806451612903225,0.2857142857142857,0.5032679738562091,0.8571428571428571,0.2916666666666667,0.26851851851851855,0.4801490040460629,Kachin,Hpakant,3,3822,0.4005326391057958
MMR001010,8,12,1,23,6,7230,20,0.07708873426879786,0.05228758169934639,0.1558441558441558,0.125,0.037037037037037035,0.24731182795698928,0.028571428571428574,0.05228758169934641,0.15584415584415584,0.125,0.037037037037037035,0.09254219364513482,Kachin,Bhamo,9,11072,0.08732515786341417
MMR001011,32,13,1,9,6,2029,120,0.09892299116971527,0.20915032679738557,0.1688311688311688,0.125,0.2222222222222222,0.09677419354838711,0.028571428571428574,0.20915032679738563,0.16883116883116883,0.125,0.2222222222222222,0.18130092946269416,Kachin,Shwegu,4,1453,0.1450541265872452
MMR001012,105,77,0,12,8,23485,138,0.30225627488176576,0.6862745098039214,1,0.16666666666666669,0.2555555555555556,0.12903225806451615,0,0.6862745098039216,1,0.16666666666666666,0.25555555555555554,0.527124183006536,Kachin,Momauk,11,NA,0.3663404894849675
MMR001013,20,15,0,1,0,13727,4,0.07688980196489188,0.130718954248366,0.19480519480519476,0,0.00740740740740741,0.010752688172043019,0,0.13071895424836602,0.19480519480519481,0,0.007407407407407408,0.08323288911524207,Kachin,Mansi,8,13105,0.05675526881949739
MMR001014,12,2,0,16,5,1452,28,0.04425715897642239,0.07843137254901959,0.025974025974025983,0.10416666666666666,0.05185185185185185,0.17204301075268819,0,0.0784313725490196,0.025974025974025976,0.10416666666666667,0.05185185185185185,0.06510597926039104,Kachin,Puta-O,3,1560,0.06312482029995413
MMR001015,11,0,0,1,1,1157,18,0.020641941593805845,0.07189542483660129,0,0.020833333333333336,0.03333333333333333,0.010752688172043019,0,0.0718954248366013,0,0.020833333333333332,0.03333333333333333,0.03151552287581699,Kachin,Sumprabum,1,1698,0.026808630777613578
MMR001016,1,0,0,1,0,0,0,0.0017174750163184678,0.006535947712418299,0,0,0,0.010752688172043019,0,0.006535947712418301,0,0,0,0.0016339869281045752,Kachin,Machanbaw,NA,NA,0.0026955388323867324
MMR001017,0,0,0,5,1,0,0,0.005290683222681099,0,0,0.020833333333333336,0,0.05376344086021506,0,0,0,0.020833333333333332,0,0.005208333333333333,Kachin,Nawngmun,NA,NA,0.008474096105586013
MMR001018,0,0,0,0,1,0,0,0.0015498438186860124,0,0,0.020833333333333336,0,0,0,0,0,0.020833333333333332,0,0.005208333333333333,Kachin,Khaunglanhpu,NA,NA,0.0024854951557060257
MMR002001,29,25,11,30,15,24133,56,0.23477956910410333,0.18954248366013068,0.3246753246753246,0.3125,0.1037037037037037,0.3225806451612903,0.3142857142857143,0.1895424836601307,0.3246753246753247,0.3125,0.1037037037037037,0.23260537800978978,Kayah,Loikaw,5,9709,0.24568889085516094
MMR002002,90,24,1,22,20,56024,387,0.4211401626308102,0.5882352941176469,0.3116883116883116,0.41666666666666674,0.7166666666666668,0.23655913978494625,0.028571428571428574,0.5882352941176471,0.3116883116883117,0.4166666666666667,0.7166666666666667,0.5083142347848231,Kayah,Demoso,5,4396,0.3986184108747939
MMR002003,13,7,0,5,4,11773,88,0.08528036280478479,0.0849673202614379,0.0909090909090909,0.08333333333333334,0.16296296296296295,0.05376344086021506,0,0.08496732026143791,0.09090909090909091,0.08333333333333333,0.16296296296296298,0.10554317686670628,Kayah,Hpruso,2,3637,0.07916809925944682
MMR002004,3,0,0,0,0,153,7,0.00501100400567101,0.019607843137254898,0,0,0.012962962962962963,0,0,0.0196078431372549,0,0,0.012962962962962963,0.008142701525054466,Kayah,Shadaw,1,4,0.007079337736004112
MMR002005,11,2,0,5,2,130,24,0.02553062898694831,0.07189542483660129,0.025974025974025983,0.04166666666666667,0.044444444444444446,0.05376344086021506,0,0.0718954248366013,0.025974025974025976,0.041666666666666664,0.044444444444444446,0.0459951404804346,Kayah,Bawlake,NA,NA,0.039517947352819695
MMR002006,4,0,0,0,0,120,0,0.004234542810542988,0.026143790849673196,0,0,0,0,0,0.026143790849673203,0,0,0,0.006535947712418301,Kayah,Hpasawng,NA,NA,0.005991274569642938
MMR003001,21,13,5,23,6,1077,39,0.09539537499490783,0.13725490196078427,0.1688311688311688,0.125,0.07222222222222223,0.24731182795698928,0.14285714285714285,0.13725490196078433,0.16883116883116883,0.125,0.07222222222222222,0.12582707325354384,Kayin,Hpa-An,1,7865,0.1402039233534155
MMR003002,1,4,0,3,1,8634,9,0.036574715155118946,0.006535947712418299,0.051948051948051945,0.020833333333333336,0.016666666666666673,0.03225806451612904,0,0.006535947712418301,0.05194805194805195,0.020833333333333332,0.016666666666666666,0.023995999915117562,Kayin,Hlaingbwe,3,13503,0.017334120626334704
MMR003003,56,42,0,26,8,52667,280,0.35068764177622197,0.36601307189542476,0.5454545454545454,0.16666666666666669,0.5185185185185185,0.2795698924731183,0,0.3660130718954248,0.5454545454545454,0.16666666666666666,0.5185185185185185,0.39916320063378885,Kayin,Hpapun,NA,NA,0.3058836838045253
MMR003004,7,1,0,4,1,7551,3,0.035513758966460904,0.045751633986928095,0.012987012987012991,0.020833333333333336,0.00555555555555556,0.043010752688172046,0,0.0457516339869281,0.012987012987012988,0.020833333333333332,0.005555555555555556,0.02128188396570749,Kayin,Thandaunggyi,3,3295,0.020477576742283204
MMR003005,29,22,8,28,7,11924,153,0.1904530800733085,0.18954248366013068,0.2857142857142857,0.14583333333333334,0.2833333333333333,0.3010752688172043,0.2285714285714286,0.1895424836601307,0.2857142857142857,0.14583333333333334,0.2833333333333333,0.22610585901027078,Kayin,Myawaddy,2,8046,0.2358326676956738
MMR003006,25,11,3,11,2,7444,111,0.10872790385545028,0.1633986928104575,0.14285714285714285,0.04166666666666667,0.20555555555555555,0.11827956989247312,0.08571428571428572,0.16339869281045752,0.14285714285714285,0.041666666666666664,0.20555555555555555,0.13836951447245566,Kayin,Kawkareik,3,34057,0.13287171303569215
MMR003007,14,14,2,10,9,200,23,0.06423315588883995,0.09150326797385619,0.1818181818181818,0.1875,0.0425925925925926,0.10752688172043012,0.05714285714285715,0.0915032679738562,0.18181818181818182,0.1875,0.04259259259259259,0.12585351059615765,Kayin,Kyainseikgyi,1,1342,0.09871791476834883
MMR004001,10,5,1,20,5,3356,42,0.06190345168620326,0.06535947712418298,0.06493506493506494,0.10416666666666666,0.07777777777777778,0.21505376344086025,0.028571428571428574,0.06535947712418301,0.06493506493506493,0.10416666666666667,0.07777777777777778,0.0780597466259231,Chin,Falam,NA,NA,0.08111154965361414
MMR004002,27,8,7,21,5,1617,115,0.1219596323978381,0.17647058823529407,0.10389610389610389,0.10416666666666666,0.21296296296296297,0.22580645161290325,0.19999999999999998,0.17647058823529413,0.1038961038961039,0.10416666666666667,0.21296296296296297,0.1493740804402569,Chin,Hakha,1,2912,0.17673404444595903
MMR004003,15,7,0,16,4,10657,112,0.09777439617698223,0.0980392156862745,0.0909090909090909,0.08333333333333334,0.2074074074074074,0.17204301075268819,0,0.09803921568627451,0.09090909090909091,0.08333333333333333,0.2074074074074074,0.11992226183402654,Chin,Thantlang,NA,NA,0.10420453912122223
MMR004004,15,5,0,4,4,0,29,0.03553713430822497,0.0980392156862745,0.06493506493506494,0.08333333333333334,0.0537037037037037,0.043010752688172046,0,0.09803921568627451,0.06493506493506493,0.08333333333333333,0.053703703703703705,0.07500282941459412,Chin,Tedim,1,NA,0.05595425628542317
MMR004005,0,0,0,1,0,0,0,7.481678807990177e-4,0,0,0,0,0.010752688172043019,0,0,0,0,0,0,Chin,Tonzang,1,NA,0.001197720189975998
MMR004006,74,6,1,27,7,10594,295,0.21436960250785486,0.48366013071895414,0.0779220779220779,0.14583333333333334,0.5462962962962963,0.2903225806451613,0.028571428571428574,0.48366013071895425,0.07792207792207792,0.14583333333333334,0.5462962962962963,0.31342795956766545,Chin,Mindat,2,3117,0.2853963664807971
MMR004007,10,5,1,9,2,5255,74,0.062210031985278386,0.06535947712418298,0.06493506493506494,0.04166666666666667,0.13703703703703704,0.09677419354838711,0.028571428571428574,0.06535947712418301,0.06493506493506493,0.041666666666666664,0.13703703703703704,0.07724956144073791,Chin,Matupi,NA,NA,0.07230131607971739
MMR004008,22,1,0,8,4,1648,63,0.05424017236166242,0.14379084967320258,0.012987012987012991,0.08333333333333334,0.11666666666666665,0.08602150537634409,0,0.1437908496732026,0.012987012987012988,0.08333333333333333,0.11666666666666667,0.0891944656650539,Chin,Kanpetlet,NA,NA,0.07735692382351121
MMR004009,3,5,1,8,0,6514,11,0.040498286557075866,0.019607843137254898,0.06493506493506494,0,0.020370370370370372,0.08602150537634409,0.028571428571428574,0.0196078431372549,0.06493506493506493,0,0.020370370370370372,0.02622831961067255,Chin,Paletwa,2,NA,0.03237493880250704
MMR005001,7,20,4,26,7,0,39,0.08474488118957844,0.045751633986928095,0.2597402597402597,0.14583333333333334,0.07222222222222223,0.2795698924731183,0.1142857142857143,0.0457516339869281,0.2597402597402597,0.14583333333333334,0.07222222222222222,0.13088686232068583,Sagaing,Sagaing,NA,NA,0.13037574851322362
MMR005002,5,12,2,2,1,2998,50,0.049819307375796096,0.03267973856209149,0.1558441558441558,0.020833333333333336,0.0925925925925926,0.021505376344086023,0.05714285714285715,0.032679738562091505,0.15584415584415584,0.020833333333333332,0.09259259259259259,0.07548745508304332,Sagaing,Myinmu,NA,NA,0.06252946923152464
MMR005003,20,26,0,25,15,4068,235,0.15465660370233222,0.130718954248366,0.3376623376623376,0.3125,0.4351851851851852,0.2688172043010753,0,0.13071895424836602,0.33766233766233766,0.3125,0.4351851851851852,0.3040166192739722,Sagaing,Myaung,1,4106,0.2258076683618385
MMR005004,5,14,13,32,25,24040,55,0.22632204356422037,0.03267973856209149,0.1818181818181818,0.5208333333333334,0.10185185185185185,0.3440860215053764,0.37142857142857144,0.032679738562091505,0.18181818181818182,0.5208333333333334,0.10185185185185185,0.20929577639136465,Sagaing,Shwebo,2,2857,0.23132166863818684
MMR005005,30,23,2,43,43,350,179,0.2032529815007506,0.196078431372549,0.29870129870129863,0.8958333333333333,0.3314814814814815,0.46236559139784955,0.05714285714285715,0.19607843137254902,0.2987012987012987,0.8958333333333334,0.3314814814814815,0.4305236362221656,Sagaing,Khin-U,2,2691,0.3188169551971124
MMR005006,10,15,1,32,16,0,77,0.09613458319536415,0.06535947712418298,0.19480519480519476,0.33333333333333337,0.1425925925925926,0.3440860215053764,0.028571428571428574,0.06535947712418301,0.19480519480519481,0.3333333333333333,0.1425925925925926,0.18402264946382593,Sagaing,Wetlet,2,1982,0.15183640037891
MMR005007,7,12,1,17,12,2454,16,0.06576694235750337,0.045751633986928095,0.1558441558441558,0.25000000000000006,0.029629629629629634,0.18279569892473121,0.028571428571428574,0.0457516339869281,0.15584415584415584,0.25,0.02962962962962963,0.12030635486517839,Sagaing,Kanbalu,NA,NA,0.09207634226751396
MMR005008,2,3,0,8,7,12024,64,0.07262673087176795,0.013071895424836598,0.03896103896103897,0.14583333333333334,0.11851851851851852,0.08602150537634409,0,0.013071895424836602,0.03896103896103896,0.14583333333333334,0.11851851851851852,0.07909619655943186,Sagaing,Kyunhla,NA,NA,0.05844291866717362
MMR005009,7,19,0,24,15,19695,92,0.14721034853669446,0.045751633986928095,0.24675324675324672,0.3125,0.1703703703703704,0.25806451612903225,0,0.0457516339869281,0.24675324675324675,0.3125,0.17037037037037037,0.19384381277763632,Sagaing,Ye-U,NA,NA,0.14105478770191193
MMR005010,21,33,1,52,17,3975,295,0.20438261149901465,0.13725490196078427,0.42857142857142855,0.35416666666666674,0.5462962962962963,0.5591397849462366,0.028571428571428574,0.13725490196078433,0.42857142857142855,0.3541666666666667,0.5462962962962963,0.366572323373794,Sagaing,Tabayin,1,2228,0.30423228699967503
MMR005011,9,44,1,31,36,25745,147,0.247432401681145,0.0588235294117647,0.5714285714285714,0.75,0.2722222222222222,0.33333333333333337,0.028571428571428574,0.058823529411764705,0.5714285714285714,0.75,0.2722222222222222,0.41311858076563956,Sagaing,Taze,1,1327,0.27134840554634115
MMR005012,24,60,13,51,48,0,151,0.29142977012139665,0.15686274509803919,0.7792207792207791,1,0.2796296296296296,0.5483870967741936,0.37142857142857144,0.1568627450980392,0.7792207792207793,1,0.2796296296296296,0.5539282884871121,Sagaing,Monywa,NA,NA,0.4491456393528521
MMR005013,4,20,0,13,12,921,21,0.05980682343030317,0.026143790849673196,0.2597402597402597,0.25000000000000006,0.038888888888888896,0.13978494623655915,0,0.026143790849673203,0.2597402597402597,0.25,0.03888888888888889,0.14369323486970545,Sagaing,Budalin,NA,NA,0.091309929712035
MMR005014,11,25,0,20,11,0,73,0.08475563517241916,0.07189542483660129,0.3246753246753246,0.22916666666666669,0.13518518518518519,0.21505376344086025,0,0.0718954248366013,0.3246753246753247,0.22916666666666666,0.13518518518518519,0.19023065034094444,Sagaing,Ayadaw,NA,NA,0.1349437904498207
MMR005015,7,12,1,11,7,0,77,0.06057848509145076,0.045751633986928095,0.1558441558441558,0.14583333333333334,0.1425925925925926,0.11827956989247312,0.028571428571428574,0.0457516339869281,0.15584415584415584,0.14583333333333334,0.1425925925925926,0.12250542893925248,Sagaing,Chaung-U,NA,NA,0.09499665825414018
MMR005016,40,30,5,37,22,8945,310,0.25322634269278704,0.26143790849673193,0.3896103896103895,0.45833333333333337,0.5740740740740741,0.39784946236559143,0.14285714285714285,0.26143790849673204,0.38961038961038963,0.4583333333333333,0.5740740740740741,0.42086392637863224,Sagaing,Yinmarbin,1,1932,0.35264904944957803
MMR005017,58,33,0,57,29,11490,362,0.2960919630650503,0.37908496732026137,0.42857142857142855,0.6041666666666667,0.6703703703703704,0.6129032258064516,0,0.3790849673202614,0.42857142857142855,0.6041666666666666,0.6703703703703704,0.5205483582321818,Sagaing,Kani,1,4904,0.41402168615969503
MMR005018,2,17,0,1,9,3608,61,0.05866779347775875,0.013071895424836598,0.22077922077922074,0.1875,0.11296296296296296,0.010752688172043019,0,0.013071895424836602,0.22077922077922077,0.1875,0.11296296296296296,0.13357851979175508,Sagaing,Salingyi,NA,NA,0.07643692635239269
MMR005019,39,41,0,17,16,9097,363,0.2286785102609418,0.25490196078431365,0.5324675324675324,0.33333333333333337,0.6722222222222224,0.18279569892473121,0,0.2549019607843137,0.5324675324675324,0.3333333333333333,0.6722222222222223,0.44823126220185044,Sagaing,Pale,1,4594,0.3185781811688067
MMR005020,30,10,0,21,1,0,250,0.11514030520879975,0.196078431372549,0.12987012987012986,0.020833333333333336,0.46296296296296297,0.22580645161290325,0,0.19607843137254902,0.12987012987012986,0.020833333333333332,0.46296296296296297,0.2024362143847438,Sagaing,Katha,NA,NA,0.18100745284833591
MMR005021,3,5,2,2,1,0,15,0.023744124487900583,0.019607843137254898,0.06493506493506494,0.020833333333333336,0.027777777777777776,0.021505376344086023,0.05714285714285715,0.0196078431372549,0.06493506493506493,0.020833333333333332,0.027777777777777776,0.03328850479585774,Sagaing,Indaw,NA,NA,0.03534677602057302
MMR005022,12,22,0,13,8,0,252,0.11497928404255714,0.07843137254901959,0.2857142857142857,0.16666666666666669,0.4666666666666667,0.13978494623655915,0,0.0784313725490196,0.2857142857142857,0.16666666666666666,0.4666666666666667,0.24936974789915967,Sagaing,Tigyaing,NA,NA,0.18190106845576132
MMR005024,12,12,3,14,9,350,270,0.12651505450468836,0.07843137254901959,0.1558441558441558,0.1875,0.5,0.15053763440860216,0.08571428571428572,0.0784313725490196,0.15584415584415584,0.1875,0.5,0.23044388209829386,Sagaing,Kawlin,NA,NA,0.1947363908409376
MMR005025,0,2,0,1,1,794,6,0.00806642777470462,0,0.025974025974025983,0.020833333333333336,0.011111111111111112,0.010752688172043019,0,0,0.025974025974025976,0.020833333333333332,0.011111111111111112,0.014479617604617606,Sagaing,Wuntho,NA,NA,0.009116156005278124
MMR005026,12,3,1,3,4,15327,102,0.09734789394775037,0.07843137254901959,0.03896103896103897,0.08333333333333334,0.18888888888888888,0.03225806451612904,0.028571428571428574,0.0784313725490196,0.03896103896103896,0.08333333333333333,0.18888888888888888,0.0974036584330702,Sagaing,Pinlebu,NA,NA,0.08020867923339095
MMR005027,51,44,8,93,42,21992,537,0.4569218886013862,0.33333333333333326,0.5714285714285714,0.875,0.9944444444444446,1,0.2285714285714286,0.3333333333333333,0.5714285714285714,0.875,0.9944444444444445,0.6935515873015873,Sagaing,Kale,NA,NA,0.6108640843380558
MMR005028,2,2,0,4,0,0,30,0.013984067568872157,0.013071895424836598,0.025974025974025983,0,0.05555555555555556,0.043010752688172046,0,0.013071895424836602,0.025974025974025976,0,0.05555555555555555,0.023650369238604533,Sagaing,Kalewa,NA,NA,0.022085339191539526
MMR005029,34,7,0,31,26,27447,274,0.24963255235741189,0.22222222222222218,0.0909090909090909,0.5416666666666667,0.5074074074074074,0.33333333333333337,0,0.2222222222222222,0.09090909090909091,0.5416666666666666,0.5074074074074074,0.3405513468013468,Sagaing,Mingin,NA,NA,0.26515448289092003
MMR005030,13,4,2,7,10,0,130,0.0771967955688801,0.0849673202614379,0.051948051948051945,0.20833333333333331,0.24074074074074073,0.07526881720430108,0.05714285714285715,0.08496732026143791,0.05194805194805195,0.20833333333333334,0.24074074074074073,0.14649736157089097,Sagaing,Tamu,NA,NA,0.11955712852827154
MMR005031,0,1,0,0,0,0,0,9.960189441338531e-4,0,0.012987012987012991,0,0,0,0,0,0.012987012987012988,0,0,0.003246753246753247,Sagaing,Mawlaik,NA,NA,0.0016082352688958036
MMR005032,0,0,0,1,0,0,0,7.481678807990177e-4,0,0,0,0,0.010752688172043019,0,0,0,0,0,0,Sagaing,Paungbyin,NA,NA,0.001197720189975998
MMR005033,4,2,2,4,1,0,8,0.021574203645796965,0.026143790849673196,0.025974025974025983,0.020833333333333336,0.014814814814814814,0.043010752688172046,0.05714285714285715,0.026143790849673203,0.025974025974025976,0.020833333333333332,0.014814814814814815,0.02194149124296183,Sagaing,Hkamti,NA,NA,0.031829447427476426
MMR005034,9,4,2,6,8,0,16,0.04264088474042724,0.0588235294117647,0.051948051948051945,0.16666666666666669,0.029629629629629634,0.06451612903225808,0.05714285714285715,0.058823529411764705,0.05194805194805195,0.16666666666666666,0.02962962962962963,0.07676696941402823,Sagaing,Homalin,NA,NA,0.0652842111429552
MMR005037,1,0,0,0,0,0,6,0.0023814559127933463,0.006535947712418299,0,0,0.011111111111111112,0,0,0.006535947712418301,0,0,0.011111111111111112,0.004411764705882353,Sagaing,Nanyun,2,3623,0.003714288764215227
MMR006001,11,7,18,35,16,1783,53,0.16991697493296165,0.07189542483660129,0.0909090909090909,0.33333333333333337,0.09814814814814815,0.3763440860215054,0.5142857142857142,0.0718954248366013,0.09090909090909091,0.3333333333333333,0.09814814814814815,0.14857149930679342,Tanintharyi,Dawei,1,50,0.2405108966767509
MMR006002,4,4,2,24,16,0,32,0.06742585153943077,0.026143790849673196,0.051948051948051945,0.33333333333333337,0.05925925925925926,0.25806451612903225,0.05714285714285715,0.026143790849673203,0.05194805194805195,0.3333333333333333,0.05925925925925926,0.11767110884757942,Tanintharyi,Launglon,NA,NA,0.10514862958759633
MMR006003,7,1,0,12,9,100,30,0.03806628360728946,0.045751633986928095,0.012987012987012991,0.1875,0.05555555555555556,0.12903225806451615,0,0.0457516339869281,0.012987012987012988,0.1875,0.05555555555555555,0.07544855063237416,Tanintharyi,Thayetchaung,1,4097,0.0599174150558596
MMR006004,1,5,2,14,7,0,20,0.04125937834629421,0.006535947712418299,0.06493506493506494,0.14583333333333334,0.037037037037037035,0.15053763440860216,0.05714285714285715,0.006535947712418301,0.06493506493506493,0.14583333333333334,0.037037037037037035,0.0635853457544634,Tanintharyi,Yebyu,NA,NA,0.06348381038453674
MMR006005,0,4,7,16,6,0,15,0.06126264565483513,0,0.051948051948051945,0.125,0.027777777777777776,0.17204301075268819,0.19999999999999998,0,0.05194805194805195,0.125,0.027777777777777776,0.05118145743145744,Tanintharyi,Myeik,NA,NA,0.08941572553437045
MMR006006,0,0,0,2,1,0,0,0.003046179580284047,0,0,0.020833333333333336,0,0.021505376344086023,0,0,0,0.020833333333333332,0,0.005208333333333333,Tanintharyi,Kyunsu,NA,NA,0.00488093553565802
MMR006007,14,4,0,8,12,871,43,0.0548517501801714,0.09150326797385619,0.051948051948051945,0.25000000000000006,0.07962962962962963,0.08602150537634409,0,0.0915032679738562,0.05194805194805195,0.25,0.07962962962962963,0.11827023738788445,Tanintharyi,Palaw,1,145,0.08269480799721265
MMR006008,3,3,0,3,5,900,17,0.022570646190551963,0.019607843137254898,0.03896103896103897,0.10416666666666666,0.031481481481481485,0.03225806451612904,0,0.0196078431372549,0.03896103896103896,0.10416666666666667,0.03148148148148148,0.048554257561610505,Tanintharyi,Tanintharyi,NA,NA,0.0316187967608238
MMR006009,0,0,4,6,3,0,11,0.030286591840262646,0,0,0.0625,0.020370370370370372,0.06451612903225808,0.1142857142857143,0,0,0.0625,0.020370370370370372,0.020717592592592593,Tanintharyi,Kawthoung,1,184,0.04348640098100072
MMR007001,0,16,11,23,14,0,121,0.13435787410576977,0,0.20779220779220778,0.2916666666666667,0.2240740740740741,0.24731182795698928,0.3142857142857143,0,0.2077922077922078,0.2916666666666667,0.22407407407407406,0.18088323713323715,Bago-East,Bago,NA,NA,0.20092025597253138
MMR007003,0,4,0,2,1,0,1,0.007265613486365107,0,0.051948051948051945,0.020833333333333336,0.0018518518518518506,0.021505376344086023,0,0,0.05194805194805195,0.020833333333333332,0.001851851851851852,0.018658309283309284,Bago-East,Kawa,1,2456,0.011683288298208647
MMR007004,0,3,0,3,3,0,2,0.010352808189947948,0,0.03896103896103897,0.0625,0.0037037037037037095,0.03225806451612904,0,0,0.03896103896103896,0.0625,0.003703703703703704,0.026291185666185667,Bago-East,Waw,1,3758,0.01661317521766831
MMR007005,5,8,2,5,2,0,12,0.03175906866378716,0.03267973856209149,0.10389610389610389,0.04166666666666667,0.022222222222222223,0.05376344086021506,0.05714285714285715,0.032679738562091505,0.1038961038961039,0.041666666666666664,0.022222222222222223,0.05011618283677107,Bago-East,Nyaunglebin,NA,NA,0.04813753977681366
MMR007006,0,2,3,6,3,0,5,0.02622670253265437,0,0.025974025974025983,0.0625,0.009259259259259262,0.06451612903225808,0.08571428571428572,0,0.025974025974025976,0.0625,0.009259259259259259,0.02443332130832131,Bago-East,Kyauktaga,NA,NA,0.03829138494264156
MMR007007,0,2,1,2,2,0,4,0.012169272224022455,0,0.025974025974025983,0.04166666666666667,0.00740740740740741,0.021505376344086023,0.028571428571428574,0,0.025974025974025976,0.041666666666666664,0.007407407407407408,0.01876202501202501,Bago-East,Daik-U,NA,NA,0.01825556443137159
MMR007008,0,1,0,3,0,0,11,0.0058294620115330485,0,0.012987012987012991,0,0.020370370370370372,0.03225806451612904,0,0,0.012987012987012988,0,0.020370370370370372,0.00833934583934584,Bago-East,Shwegyin,NA,NA,0.009264924395465366
MMR007009,5,3,3,6,4,146,6,0.034289191462583114,0.03267973856209149,0.03896103896103897,0.08333333333333334,0.011111111111111112,0.06451612903225808,0.08571428571428572,0.032679738562091505,0.03896103896103896,0.08333333333333333,0.011111111111111112,0.04152130549189372,Bago-East,Taungoo,NA,NA,0.050243620266264485
MMR007010,0,1,0,1,4,0,5,0.009120352747405167,0,0.012987012987012991,0.08333333333333334,0.009259259259259262,0.010752688172043019,0,0,0.012987012987012988,0.08333333333333333,0.009259259259259259,0.026394901394901395,Bago-East,Yedashe,NA,NA,0.014594994516532981
MMR007011,13,6,0,6,2,1781,52,0.043707563352900006,0.0849673202614379,0.0779220779220779,0.04166666666666667,0.0962962962962963,0.06451612903225808,0,0.08496732026143791,0.07792207792207792,0.041666666666666664,0.0962962962962963,0.0752130902866197,Bago-East,Kyaukkyi,2,4357,0.06048777313828801
MMR007012,2,5,2,3,2,0,8,0.02342532214504662,0.013071895424836598,0.06493506493506494,0.04166666666666667,0.014814814814814814,0.03225806451612904,0.05714285714285715,0.013071895424836602,0.06493506493506493,0.041666666666666664,0.014814814814814815,0.03362211046034575,Bago-East,Phyu,NA,NA,0.0349462909150724
MMR007013,0,0,0,1,1,0,1,0.0025333698290306793,0,0,0.020833333333333336,0.0018518518518518506,0.010752688172043019,0,0,0,0.020833333333333332,0.001851851851851852,0.005671296296296296,Bago-East,Oktwin,NA,NA,0.004052627032649439
MMR007014,3,2,0,1,3,80,14,0.013830881957632327,0.019607843137254898,0.025974025974025983,0.0625,0.025925925925925925,0.010752688172043019,0,0.0196078431372549,0.025974025974025976,0.0625,0.025925925925925925,0.0335019487593017,Bago-East,Htantabin,NA,NA,0.021535895739661703
MMR008001,1,16,4,22,11,0,22,0.07415057814919826,0.006535947712418299,0.20779220779220778,0.22916666666666669,0.040740740740740744,0.23655913978494625,0.1142857142857143,0.006535947712418301,0.2077922077922078,0.22916666666666666,0.040740740740740744,0.12105889072800838,Bago-West,Pyay,NA,NA,0.11382699676765003
MMR008002,0,0,0,1,0,0,0,7.481678807990177e-4,0,0,0,0,0.010752688172043019,0,0,0,0,0,0,Bago-West,Paukkhaung,NA,NA,0.001197720189975998
MMR008003,0,5,0,9,0,0,0,0.01171360564786042,0,0.06493506493506494,0,0,0.09677419354838711,0,0,0.06493506493506493,0,0,0.016233766233766232,Bago-West,Padaung,NA,NA,0.018820658054262994
MMR008004,1,8,0,5,8,0,12,0.02790134619662125,0.006535947712418299,0.10389610389610389,0.16666666666666669,0.022222222222222223,0.05376344086021506,0,0.006535947712418301,0.1038961038961039,0.16666666666666666,0.022222222222222223,0.07483023512435276,Bago-West,Paungde,NA,NA,0.04466920323271433
MMR008005,0,2,0,6,1,0,4,0.008972321509930421,0,0.025974025974025983,0.020833333333333336,0.00740740740740741,0.06451612903225808,0,0,0.025974025974025976,0.020833333333333332,0.007407407407407408,0.013553691678691679,Bago-West,Thegon,NA,NA,0.014365933581223279
MMR008006,0,1,0,0,1,0,1,0.002781220892365515,0,0.012987012987012991,0.020833333333333336,0.0018518518518518506,0,0,0,0.012987012987012988,0.020833333333333332,0.001851851851851852,0.008918049543049544,Bago-West,Shwedaung,NA,NA,0.004463142111569245
MMR008007,0,3,0,11,0,0,0,0.011217903521190748,0,0.03896103896103897,0,0,0.11827956989247312,0,0,0.03896103896103896,0,0,0.00974025974025974,Bago-West,Thayarwady,NA,NA,0.017999627896423377
MMR008008,0,1,0,3,1,0,1,0.005025724534762566,0,0.012987012987012991,0.020833333333333336,0.0018518518518518506,0.03225806451612904,0,0,0.012987012987012988,0.020833333333333332,0.001851851851851852,0.008918049543049544,Bago-West,Letpadan,NA,NA,0.008056302681497237
MMR008009,0,2,0,3,0,0,0,0.004236541530664759,0,0.025974025974025983,0,0,0.03225806451612904,0,0,0.025974025974025976,0,0,0.006493506493506494,Bago-West,Minhla,NA,NA,0.006809631107719599
MMR008010,1,0,1,2,1,0,1,0.008890623263951236,0.006535947712418299,0,0.020833333333333336,0.0018518518518518506,0.021505376344086023,0.028571428571428574,0.006535947712418301,0,0.020833333333333332,0.001851851851851852,0.007305283224400871,Bago-West,Okpho,NA,NA,0.012943182319382442
MMR008011,0,2,0,0,0,0,2,0.002462754147359006,0,0.025974025974025983,0,0.0037037037037037095,0,0,0,0.025974025974025976,0,0.003703703703703704,0.0074194324194324195,Bago-West,Zigon,NA,NA,0.0039552939117264395
MMR008012,2,3,0,3,3,0,6,0.013232854979169446,0.013071895424836598,0.03896103896103897,0.0625,0.011111111111111112,0.03225806451612904,0,0.013071895424836602,0.03896103896103896,0.0625,0.011111111111111112,0.031411011374246664,Bago-West,Nattalin,NA,NA,0.02108645925035944
MMR008013,0,1,1,2,1,0,2,0.00915269320211129,0,0.012987012987012991,0.020833333333333336,0.0037037037037037095,0.021505376344086023,0.028571428571428574,0,0.012987012987012988,0.020833333333333332,0.003703703703703704,0.009381012506012506,Bago-West,Monyo,NA,NA,0.01342301063283493
MMR008014,1,5,1,2,1,0,3,0.014341434243711801,0.006535947712418299,0.06493506493506494,0.020833333333333336,0.00555555555555556,0.021505376344086023,0.028571428571428574,0.006535947712418301,0.06493506493506493,0.020833333333333332,0.005555555555555556,0.024464975384093028,Bago-West,Gyobingauk,NA,NA,0.02172318203779629
MMR009001,2,20,9,26,11,0,28,0.10670767345473353,0.013071895424836598,0.2597402597402597,0.22916666666666669,0.05185185185185185,0.2795698924731183,0.2571428571428571,0.013071895424836602,0.2597402597402597,0.22916666666666666,0.05185185185185185,0.1384576684209037,Magway,Magway,1,16853,0.15974018963908382
MMR009002,0,4,1,6,2,0,2,0.01668326537639493,0,0.051948051948051945,0.04166666666666667,0.0037037037037037095,0.06451612903225808,0.028571428571428574,0,0.05194805194805195,0.041666666666666664,0.003703703703703704,0.024329605579605583,Magway,Yenangyaung,2,12512,0.025524092355132352
MMR009003,0,2,1,4,2,0,2,0.013194891726529191,0,0.025974025974025983,0.04166666666666667,0.0037037037037037095,0.043010752688172046,0.028571428571428574,0,0.025974025974025976,0.041666666666666664,0.003703703703703704,0.017836099086099087,Magway,Chauk,2,12613,0.019912181437388755
MMR009004,1,16,3,46,28,0,17,0.11263738313970656,0.006535947712418299,0.20779220779220778,0.5833333333333334,0.031481481481481485,0.49462365591397855,0.08571428571428572,0.006535947712418301,0.2077922077922078,0.5833333333333334,0.03148148148148148,0.20728574257986024,Magway,Taungdwingyi,NA,NA,0.17678362408489304
MMR009005,1,6,0,7,10,0,7,0.029328541059595356,0.006535947712418299,0.0779220779220779,0.20833333333333331,0.012962962962962963,0.07526881720430108,0,0.006535947712418301,0.07792207792207792,0.20833333333333334,0.012962962962962963,0.07643858048269814,Magway,Myothit,2,20828,0.046972104951449684
MMR009006,1,4,0,13,10,1289,7,0.03566366122321863,0.006535947712418299,0.051948051948051945,0.20833333333333331,0.012962962962962963,0.13978494623655915,0,0.006535947712418301,0.05194805194805195,0.20833333333333334,0.012962962962962963,0.06994507398919164,Magway,Natmauk,1,42,0.050941955553514065
MMR009007,1,3,1,8,0,279,0,0.015413241107096796,0.006535947712418299,0.03896103896103897,0,0,0.08602150537634409,0.028571428571428574,0.006535947712418301,0.03896103896103896,0,0,0.011374246668364315,Magway,Minbu,1,12904,0.022099302423252396
MMR009008,1,14,3,18,7,0,11,0.0557377756193862,0.006535947712418299,0.1818181818181818,0.14583333333333334,0.020370370370370372,0.19354838709677422,0.08571428571428572,0.006535947712418301,0.18181818181818182,0.14583333333333334,0.020370370370370372,0.08863945830857596,Magway,Pwintbyu,NA,NA,0.08561911983614248
MMR009009,0,0,2,3,1,0,0,0.013073904298287245,0,0,0.020833333333333336,0,0.03225806451612904,0.05714285714285715,0,0,0.020833333333333332,0,0.005208333333333333,Magway,Ngape,NA,NA,0.018468688634326564
MMR009010,1,2,1,8,6,0,7,0.024533036307717006,0.006535947712418299,0.025974025974025983,0.125,0.012962962962962963,0.08602150537634409,0.028571428571428574,0.006535947712418301,0.025974025974025976,0.125,0.012962962962962963,0.042618234162351804,Magway,Salin,2,7770,0.03798991989736465
MMR009011,0,0,0,2,1,0,0,0.003046179580284047,0,0,0.020833333333333336,0,0.021505376344086023,0,0,0,0.020833333333333332,0,0.005208333333333333,Magway,Sidoktaya,NA,NA,0.00488093553565802
MMR009012,2,3,0,4,1,0,5,0.010645977093050788,0.013071895424836598,0.03896103896103897,0.020833333333333336,0.009259259259259262,0.043010752688172046,0,0.013071895424836602,0.03896103896103896,0.020833333333333332,0.009259259259259259,0.02053138174461704,Magway,Thayet,NA,NA,0.016943777441955972
MMR009013,0,2,0,7,0,0,0,0.007229213053860827,0,0.025974025974025983,0,0,0.07526881720430108,0,0,0.025974025974025976,0,0,0.006493506493506494,Magway,Minhla,NA,NA,0.011600511867623587
MMR009014,0,0,0,3,0,0,0,0.002244503642397052,0,0,0,0,0.03225806451612904,0,0,0,0,0,0,Magway,Mindon,NA,NA,0.003593160569927992
MMR009015,1,1,0,6,1,0,0,0.00800417718313342,0.006535947712418299,0.012987012987012991,0.020833333333333336,0,0.06451612903225808,0,0.006535947712418301,0.012987012987012988,0.020833333333333332,0,0.010089073508191156,Magway,Kamma,NA,NA,0.012777870206868547
MMR009016,1,1,1,7,3,0,4,0.01743324363808915,0.006535947712418299,0.012987012987012991,0.0625,0.00740740740740741,0.07526881720430108,0.028571428571428574,0.006535947712418301,0.012987012987012988,0.0625,0.007407407407407408,0.022357592026709675,Magway,Aunglan,NA,NA,0.02661924391047253
MMR009017,0,0,0,0,2,0,2,0.0035704038964633244,0,0,0.04166666666666667,0.0037037037037037095,0,0,0,0,0.041666666666666664,0.003703703703703704,0.011342592592592592,Magway,Sinbaungwe,NA,NA,0.005709813685346884
MMR009018,2,18,9,12,12,0,38,0.0981447103494221,0.013071895424836598,0.23376623376623376,0.25000000000000006,0.07037037037037037,0.12903225806451615,0.2571428571428571,0.013071895424836602,0.23376623376623376,0.25,0.07037037037037037,0.1418021248903602,Magway,Pakokku,1,46,0.14593524846700845
MMR009019,24,68,2,37,15,0,83,0.17073680991291568,0.15686274509803919,0.883116883116883,0.3125,0.1537037037037037,0.39784946236559143,0.05714285714285715,0.1568627450980392,0.8831168831168831,0.3125,0.1537037037037037,0.3765458329796565,Magway,Yesagyo,NA,NA,0.26995692299446256
MMR009020,13,37,2,21,13,0,117,0.1221296468284481,0.0849673202614379,0.4805194805194805,0.27083333333333337,0.2166666666666667,0.22580645161290325,0.05714285714285715,0.08496732026143791,0.4805194805194805,0.2708333333333333,0.21666666666666667,0.26324670019522955,Magway,Myaing,NA,NA,0.19205110859803867
MMR009021,12,31,0,36,20,2781,224,0.16144017216677387,0.07843137254901959,0.40259740259740256,0.41666666666666674,0.4148148148148148,0.38709677419354843,0,0.0784313725490196,0.4025974025974026,0.4166666666666667,0.4148148148148148,0.3281275641569759,Magway,Pauk,NA,NA,0.24340516487865618
MMR009022,0,2,0,1,4,0,1,0.009174939173356423,0,0.025974025974025983,0.08333333333333334,0.0018518518518518506,0.010752688172043019,0,0,0.025974025974025976,0.08333333333333333,0.001851851851851852,0.027789802789802788,Magway,Seikphyu,2,12261,0.014725583037559123
MMR009023,30,39,4,45,18,36453,540,0.3836843417911789,0.196078431372549,0.5064935064935064,0.375,1,0.48387096774193555,0.1142857142857143,0.19607843137254902,0.5064935064935064,0.375,1,0.5193929844665138,Magway,Gangaw,NA,NA,0.4305544328906761
MMR009024,11,5,1,7,5,0,67,0.04903764056856699,0.07189542483660129,0.06493506493506494,0.10416666666666666,0.12407407407407407,0.07526881720430108,0.028571428571428574,0.0718954248366013,0.06493506493506493,0.10416666666666667,0.12407407407407407,0.09126780762810174,Magway,Tilin,NA,NA,0.0762742980005223
MMR009025,24,6,0,24,5,3455,183,0.10830294416962373,0.15686274509803919,0.0779220779220779,0.10416666666666666,0.3388888888888889,0.25806451612903225,0,0.1568627450980392,0.07792207792207792,0.10416666666666667,0.3388888888888889,0.16946009464391817,Magway,Saw,1,938,0.15437215808422353
MMR010001,3,11,5,5,7,0,8,0.053535633056203555,0.019607843137254898,0.14285714285714285,0.14583333333333334,0.014814814814814814,0.05376344086021506,0.14285714285714285,0.0196078431372549,0.14285714285714285,0.14583333333333334,0.014814814814814815,0.08077828353563649,Mandalay,Aungmyaythazan,2,3733,0.07950148669237887
MMR010002,0,38,35,46,28,0,83,0.2975870387204116,0,0.49350649350649345,0.5833333333333334,0.1537037037037037,0.49462365591397855,1,0,0.4935064935064935,0.5833333333333334,0.1537037037037037,0.30763588263588265,Mandalay,Chanayethazan,NA,NA,0.4332886792371201
MMR010003,5,26,12,21,23,0,37,0.14648655336804917,0.03267973856209149,0.3376623376623376,0.47916666666666674,0.06851851851851852,0.22580645161290325,0.34285714285714286,0.032679738562091505,0.33766233766233766,0.4791666666666667,0.06851851851851852,0.2295068153524036,Mandalay,Mahaaungmyay,1,2118,0.21963015264402874
MMR010004,5,38,7,18,24,0,43,0.1359573775582078,0.03267973856209149,0.49350649350649345,0.5,0.07962962962962963,0.19354838709677422,0.19999999999999998,0.032679738562091505,0.4935064935064935,0.5,0.07962962962962963,0.2764539654245537,Mandalay,Chanmyathazi,NA,NA,0.20906269830662952
MMR010005,5,14,4,5,12,0,23,0.06510211677765673,0.03267973856209149,0.1818181818181818,0.25000000000000006,0.0425925925925926,0.05376344086021506,0.1142857142857143,0.032679738562091505,0.18181818181818182,0.25,0.04259259259259259,0.12677262824321647,Mandalay,Pyigyitagon,1,10402,0.09909546441258286
MMR010006,0,12,1,10,14,0,9,0.04788972118371351,0,0.1558441558441558,0.2916666666666667,0.016666666666666673,0.10752688172043012,0.028571428571428574,0,0.15584415584415584,0.2916666666666667,0.016666666666666666,0.1160443722943723,Mandalay,Amarapura,1,7797,0.07559267894344697
MMR010007,3,10,0,4,6,0,11,0.027748784708211165,0.019607843137254898,0.12987012987012986,0.125,0.020370370370370372,0.043010752688172046,0,0.0196078431372549,0.12987012987012986,0.125,0.020370370370370372,0.07371208584443878,Mandalay,Patheingyi,NA,NA,0.04434318886697195
MMR010008,2,1,3,9,2,0,9,0.02880539020145305,0.013071895424836598,0.012987012987012991,0.04166666666666667,0.016666666666666673,0.09677419354838711,0.08571428571428572,0.013071895424836602,0.012987012987012988,0.041666666666666664,0.016666666666666666,0.02109806043629573,Mandalay,Pyinoolwin,NA,NA,0.04226409912065886
MMR010009,4,17,2,36,28,0,41,0.11006846137290208,0.026143790849673196,0.22077922077922074,0.5833333333333334,0.07592592592592592,0.38709677419354843,0.05714285714285715,0.026143790849673203,0.22077922077922077,0.5833333333333334,0.07592592592592592,0.22654556772203832,Mandalay,Madaya,1,779,0.17357897741413278
MMR010010,1,5,1,7,11,0,11,0.035463576870932205,0.006535947712418299,0.06493506493506494,0.22916666666666669,0.020370370370370372,0.07526881720430108,0.028571428571428574,0.006535947712418301,0.06493506493506493,0.22916666666666666,0.020370370370370372,0.08025201242113006,Mandalay,Singu,NA,NA,0.05552202804047587
MMR010011,13,25,10,63,29,0,65,0.19127757620381972,0.0849673202614379,0.3246753246753246,0.6041666666666667,0.12037037037037038,0.6774193548387097,0.2857142857142857,0.08496732026143791,0.3246753246753247,0.6041666666666666,0.12037037037037036,0.2835449204934499,Mandalay,Mogoke,NA,NA,0.2931751797540419
MMR010012,1,5,1,6,7,0,9,0.028045317456297843,0.006535947712418299,0.06493506493506494,0.14583333333333334,0.016666666666666673,0.06451612903225808,0.028571428571428574,0.006535947712418301,0.06493506493506493,0.14583333333333334,0.016666666666666666,0.05849275316187081,Mandalay,Thabeikkyin,NA,NA,0.04364350385374093
MMR010013,3,12,4,9,5,0,16,0.051667722503924554,0.019607843137254898,0.1558441558441558,0.10416666666666666,0.029629629629629634,0.09677419354838711,0.1142857142857143,0.0196078431372549,0.15584415584415584,0.10416666666666667,0.02962962962962963,0.07731207381942676,Mandalay,Kyaukse,NA,NA,0.07768988945115968
MMR010014,2,7,2,11,9,0,36,0.04884163743778673,0.013071895424836598,0.0909090909090909,0.1875,0.06666666666666667,0.11827956989247312,0.05714285714285715,0.013071895424836602,0.09090909090909091,0.1875,0.06666666666666667,0.08953691325014854,Mandalay,Sintgaing,NA,NA,0.0754865162977018
MMR010015,0,7,0,4,1,0,0,0.01151464795081905,0,0.0909090909090909,0.020833333333333336,0,0.043010752688172046,0,0,0.09090909090909091,0.020833333333333332,0,0.02793560606060606,Mandalay,Myittha,NA,NA,0.018534022797880634
MMR010016,1,2,1,1,1,0,2,0.010369851400965576,0.006535947712418299,0.025974025974025983,0.020833333333333336,0.0037037037037037095,0.010752688172043019,0.028571428571428574,0.006535947712418301,0.025974025974025976,0.020833333333333332,0.003703703703703704,0.014261752680870326,Mandalay,Tada-U,NA,NA,0.015331344354165471
MMR010017,14,20,10,43,44,0,166,0.21932225936709035,0.09150326797385619,0.2597402597402597,0.9166666666666667,0.3074074074074074,0.46236559139784955,0.2857142857142857,0.0915032679738562,0.2597402597402597,0.9166666666666666,0.3074074074074074,0.3938294004470475,Mandalay,Myingyan,1,46608,0.337270425971753
MMR010018,2,8,2,17,13,0,14,0.05534816009145445,0.013071895424836598,0.10389610389610389,0.27083333333333337,0.025925925925925925,0.18279569892473121,0.05714285714285715,0.013071895424836602,0.1038961038961039,0.2708333333333333,0.025925925925925925,0.10343181464504993,Mandalay,Taungtha,1,45,0.08609599621599455
MMR010019,3,7,2,4,4,0,75,0.04600351736656333,0.019607843137254898,0.0909090909090909,0.08333333333333334,0.1388888888888889,0.043010752688172046,0.05714285714285715,0.0196078431372549,0.09090909090909091,0.08333333333333333,0.1388888888888889,0.08318478906714201,Mandalay,Natogyi,NA,NA,0.07057987362347962
MMR010020,1,14,4,13,9,0,11,0.05973640227136523,0.006535947712418299,0.1818181818181818,0.1875,0.020370370370370372,0.13978494623655915,0.1142857142857143,0.006535947712418301,0.18181818181818182,0.1875,0.020370370370370372,0.09905612497524263,Mandalay,Kyaukpadaung,NA,NA,0.09079652565202083
MMR010021,1,3,0,9,3,0,5,0.016517196998898448,0.006535947712418299,0.03896103896103897,0.0625,0.009259259259259262,0.09677419354838711,0,0.006535947712418301,0.03896103896103896,0.0625,0.009259259259259259,0.029314061483179128,Mandalay,Ngazun,NA,NA,0.026405550060837273
MMR010022,0,5,5,6,8,0,11,0.04765568407296406,0,0.06493506493506494,0.16666666666666669,0.020370370370370372,0.06451612903225808,0.14285714285714285,0,0.06493506493506493,0.16666666666666666,0.020370370370370372,0.06299302549302549,Mandalay,Nyaung-U,1,71547,0.07015006955835613
MMR010024,0,1,0,1,0,0,2,0.0022149030840241703,0,0.012987012987012991,0,0.0037037037037037095,0.010752688172043019,0,0,0.012987012987012988,0,0.003703703703703704,0.004172679172679173,Mandalay,Pyawbwe,NA,NA,0.0035447788328066337
MMR010028,2,6,7,13,6,0,16,0.06318415230129033,0.013071895424836598,0.0779220779220779,0.125,0.029629629629629634,0.13978494623655915,0.19999999999999998,0.013071895424836602,0.07792207792207792,0.125,0.02962962962962963,0.06140590074413603,Mandalay,Meiktila,1,40,0.09240408447402296
MMR010029,0,2,3,2,2,0,1,0.020742754672589687,0,0.025974025974025983,0.04166666666666667,0.0018518518518518506,0.021505376344086023,0.08571428571428572,0,0.025974025974025976,0.041666666666666664,0.001851851851851852,0.017373136123136124,Mandalay,Mahlaing,1,188,0.029537362279161886
MMR010030,0,5,1,2,0,0,0,0.011116208900869388,0,0.06493506493506494,0,0,0.021505376344086023,0.028571428571428574,0,0.06493506493506493,0,0,0.016233766233766232,Mandalay,Thazi,1,40,0.016631633178777284
MMR010031,1,1,3,4,9,0,13,0.0358855829109232,0.006535947712418299,0.012987012987012991,0.1875,0.024074074074074074,0.043010752688172046,0.08571428571428572,0.006535947712418301,0.012987012987012988,0.1875,0.024074074074074074,0.057774258693376344,Mandalay,Wundwin,1,229,0.05365379236617998
MMR011001,0,10,13,18,6,50,12,0.0960165721494057,0,0.12987012987012986,0.125,0.022222222222222223,0.19354838709677422,0.37142857142857144,0,0.12987012987012986,0.125,0.022222222222222223,0.06927308802308801,Mon,Mawlamyine,2,8558,0.13752244119287266
MMR011002,0,2,0,1,1,0,1,0.004525407717298386,0,0.025974025974025983,0.020833333333333336,0.0018518518518518506,0.010752688172043019,0,0,0.025974025974025976,0.020833333333333332,0.001851851851851852,0.012164802789802791,Mon,Kyaikmaraw,2,28590,0.0072690975704410455
MMR011003,0,2,0,2,3,0,4,0.009079337624106376,0,0.025974025974025983,0.0625,0.00740740740740741,0.021505376344086023,0,0,0.025974025974025976,0.0625,0.007407407407407408,0.023970358345358347,Mon,Chaungzon,1,583,0.014546043132731341
MMR011004,0,3,1,1,3,0,4,0.013966967106043303,0,0.03896103896103897,0.0625,0.00740740740740741,0.010752688172043019,0.028571428571428574,0,0.03896103896103896,0.0625,0.007407407407407408,0.02721711159211159,Mon,Thanbyuzayat,NA,NA,0.02115157466599742
MMR011005,0,1,1,12,3,0,3,0.019969417777019136,0,0.012987012987012991,0.0625,0.00555555555555556,0.12903225806451615,0.028571428571428574,0,0.012987012987012988,0.0625,0.005555555555555556,0.020260642135642135,Mon,Mudon,NA,NA,0.030740614530974368
MMR011006,20,33,7,36,13,0,72,0.14876101547599033,0.130718954248366,0.42857142857142855,0.27083333333333337,0.13333333333333333,0.38709677419354843,0.19999999999999998,0.13071895424836602,0.42857142857142855,0.2708333333333333,0.13333333333333333,0.2408642623716153,Mon,Ye,NA,NA,0.22842025722716824
MMR011007,23,33,3,11,13,20,91,0.11893698302760976,0.15032679738562088,0.42857142857142855,0.27083333333333337,0.1685185185185185,0.11827956989247312,0.08571428571428572,0.1503267973856209,0.42857142857142855,0.2708333333333333,0.1685185185185185,0.2545625194522253,Mon,Thaton,1,39,0.1852094646399963
MMR011008,0,10,0,6,4,0,4,0.021590004519059278,0,0.12987012987012986,0.08333333333333334,0.00740740740740741,0.06451612903225808,0,0,0.12987012987012986,0.08333333333333333,0.007407407407407408,0.05515271765271765,Mon,Paung,3,1032,0.034688301199507776
MMR011009,14,27,1,10,16,5304,110,0.11906445463063749,0.09150326797385619,0.35064935064935066,0.33333333333333337,0.2037037037037037,0.10752688172043012,0.028571428571428574,0.0915032679738562,0.35064935064935066,0.3333333333333333,0.2037037037037037,0.244797413915061,Mon,Kyaikto,2,1563,0.16296723966575533
MMR011010,7,14,0,5,10,2216,23,0.051980333227905684,0.045751633986928095,0.1818181818181818,0.20833333333333331,0.0425925925925926,0.05376344086021506,0,0.0457516339869281,0.18181818181818182,0.20833333333333334,0.04259259259259259,0.11962393543275897,Mon,Bilin,3,7816,0.07234004556860718
MMR012001,0,0,2,6,5,114704,1,0.3632979400952304,0,0,0.10416666666666666,0.0018518518518518506,0.06451612903225808,0.05714285714285715,0,0,0.10416666666666667,0.001851851851851852,0.02650462962962963,Rakhine,Sittwe,12,149885,0.032373241514046074
MMR012002,0,3,0,1,1,1641,5,0.011349131800876263,0,0.03896103896103897,0.020833333333333336,0.009259259259259262,0.010752688172043019,0,0,0.03896103896103896,0.020833333333333332,0.009259259259259259,0.017263407888407887,Rakhine,Ponnagyun,3,1136,0.010354979587206511
MMR012003,0,0,0,4,2,20797,0,0.0680178995044888,0,0,0.04166666666666667,0,0.043010752688172046,0,0,0,0.041666666666666664,0,0.010416666666666666,Rakhine,Mrauk-U,4,13578,0.00976187107131604
MMR012004,0,4,0,4,0,13983,5,0.0497895830803656,0,0.051948051948051945,0,0.009259259259259262,0.043010752688172046,0,0,0.05194805194805195,0,0.009259259259259259,0.015301827801827803,Rakhine,Kyauktaw,2,24261,0.013070880270324277
MMR012005,0,1,0,0,2,2058,1,0.010459004415229477,0,0.012987012987012991,0.04166666666666667,0.0018518518518518506,0,0,0,0.012987012987012988,0.041666666666666664,0.001851851851851852,0.014126382876382876,Rakhine,Minbya,2,16519,0.00694863726727527
MMR012006,0,1,0,0,0,5937,0,0.01867414237644896,0,0.012987012987012991,0,0,0,0,0,0.012987012987012988,0,0,0.003246753246753247,Rakhine,Myebon,3,4541,0.0016082352688958036
MMR012007,0,0,0,1,0,24932,0,0.07498616239224928,0,0,0,0,0.010752688172043019,0,0,0,0,0,0,Rakhine,Pauktaw,6,34038,0.001197720189975998
MMR012008,0,1,0,0,1,18003,0,0.056151935889309494,0,0.012987012987012991,0.020833333333333336,0,0,0,0,0.012987012987012988,0.020833333333333332,0,0.00845508658008658,Rakhine,Rathedaung,4,13295,0.00409373042460183
MMR012009,6,2,0,6,8,8000,11,0.051105529191681195,0.039215686274509796,0.025974025974025983,0.16666666666666669,0.020370370370370372,0.06451612903225808,0,0.0392156862745098,0.025974025974025976,0.16666666666666666,0.020370370370370372,0.0630566873213932,Rakhine,Maungdaw,7,121432,0.04333719333440177
MMR012010,2,2,0,5,4,8658,4,0.04059252382599156,0.013071895424836598,0.025974025974025983,0.08333333333333334,0.00740740740740741,0.05376344086021506,0,0.013071895424836602,0.025974025974025976,0.08333333333333333,0.007407407407407408,0.03244666553490083,Rakhine,Buthidaung,6,147985,0.023620336143186826
MMR012011,0,0,0,2,2,1001,0,0.007576619921750492,0,0,0.04166666666666667,0,0.021505376344086023,0,0,0,0.041666666666666664,0,0.010416666666666666,Rakhine,Kyaukpyu,1,1427,0.007366430691364046
MMR012013,0,0,0,2,0,0,0,0.0014963357615980345,0,0,0,0,0.021505376344086023,0,0,0,0,0,0,Rakhine,Ramree,NA,NA,0.0023954403799519943
MMR012014,0,6,1,3,0,3329,0,0.022772889056807313,0,0.0779220779220779,0,0,0.03225806451612904,0.028571428571428574,0,0.07792207792207792,0,0,0.01948051948051948,Rakhine,Ann,1,2105,0.01943758863764908
MMR012015,0,0,5,5,1,0,1,0.028724933445237195,0,0,0.020833333333333336,0.0018518518518518506,0.05376344086021506,0.14285714285714285,0,0,0.020833333333333332,0.001851851851851852,0.005671296296296296,Rakhine,Thandwe,NA,NA,0.03981859006428479
MMR012016,0,0,3,7,1,0,0,0.020706354240085406,0,0,0.020833333333333336,0,0.07526881720430108,0.08571428571428572,0,0,0.020833333333333332,0,0.005208333333333333,Rakhine,Toungup,NA,NA,0.029454585848576822
MMR012017,0,0,1,4,0,0,0,0.00763244994179816,0,0,0,0,0.043010752688172046,0.028571428571428574,0,0,0,0,0,Rakhine,Gwa,NA,NA,0.010985897214250261
MMR013001,0,23,19,12,17,0,17,0.1503906733580448,0,0.29870129870129863,0.35416666666666674,0.031481481481481485,0.12903225806451615,0.5428571428571429,0,0.2987012987012987,0.3541666666666667,0.03148148148148148,0.17108736171236172,Yangon,Insein,NA,NA,0.2176007824223431
MMR013002,4,14,0,20,9,0,12,0.04955774329865399,0.026143790849673196,0.1818181818181818,0.1875,0.022222222222222223,0.21505376344086025,0,0.026143790849673203,0.18181818181818182,0.1875,0.022222222222222223,0.1044210487225193,Yangon,Mingaladon,NA,NA,0.07926336877866734
MMR013003,0,7,0,3,1,0,1,0.011001838199565683,0,0.0909090909090909,0.020833333333333336,0.0018518518518518506,0.03225806451612904,0,0,0.09090909090909091,0.020833333333333332,0.001851851851851852,0.028398569023569024,Yangon,Hmawbi,1,5961,0.017705714294872055
MMR013004,2,5,0,13,10,0,7,0.033790836535775054,0.013071895424836598,0.06493506493506494,0.20833333333333331,0.012962962962962963,0.13978494623655915,0,0.013071895424836602,0.06493506493506493,0.20833333333333334,0.012962962962962963,0.07482581416404946,Yangon,Hlegu,1,27837,0.05404800946482061
MMR013005,1,3,2,5,2,0,9,0.022195671012403148,0.006535947712418299,0.03896103896103897,0.04166666666666667,0.016666666666666673,0.05376344086021506,0.05714285714285715,0.006535947712418301,0.03896103896103896,0.041666666666666664,0.016666666666666666,0.025957580001697646,Yangon,Taikkyi,1,6266,0.03299685380178947
MMR013006,1,0,0,0,1,80,4,0.0036987929846981843,0.006535947712418299,0,0.020833333333333336,0.00740740740740741,0,0,0.006535947712418301,0,0.020833333333333332,0.007407407407407408,0.00869417211328976,Yangon,Htantabin,NA,NA,0.005460960545986423
MMR013007,0,17,5,10,11,0,13,0.0677208306409157,0,0.22077922077922074,0.22916666666666669,0.024074074074074074,0.10752688172043012,0.14285714285714285,0,0.22077922077922077,0.22916666666666666,0.024074074074074074,0.11850499037999038,Yangon,Shwepyithar,4,380550,0.10243508238606266
MMR013008,7,42,7,20,23,0,79,0.15029945221233754,0.045751633986928095,0.5454545454545454,0.47916666666666674,0.14629629629629629,0.21505376344086025,0.19999999999999998,0.0457516339869281,0.5454545454545454,0.4791666666666667,0.14629629629629629,0.3041672856011091,Yangon,Hlaingtharya,7,772658,0.2317000426221071
MMR013009,1,25,8,14,5,0,22,0.08638945636230308,0.006535947712418299,0.3246753246753246,0.10416666666666666,0.040740740740740744,0.15053763440860216,0.2285714285714286,0.006535947712418301,0.3246753246753247,0.10416666666666667,0.040740740740740744,0.1190296699487876,Yangon,Thingangyun,NA,NA,0.12858644755105322
MMR013010,0,10,4,8,2,0,2,0.03807505005860235,0,0.12987012987012986,0.04166666666666667,0.0037037037037037095,0.08602150537634409,0.1142857142857143,0,0.12987012987012986,0.041666666666666664,0.003703703703703704,0.043810125060125056,Yangon,Yankin,NA,NA,0.056153993711497985
MMR013011,0,20,9,8,6,0,3,0.07766886499724103,0,0.2597402597402597,0.125,0.00555555555555556,0.08602150537634409,0.2571428571428571,0,0.2597402597402597,0.125,0.005555555555555556,0.09757395382395381,Yangon,South Okkalapa,NA,NA,0.11352282098197888
MMR013012,3,13,9,8,9,0,21,0.08249063158274214,0.019607843137254898,0.1688311688311688,0.1875,0.038888888888888896,0.08602150537634409,0.2571428571428571,0.0196078431372549,0.16883116883116883,0.1875,0.03888888888888889,0.10370697521432815,Yangon,North Okkalapa,7,255380,0.12086452585947202
MMR013013,4,21,19,14,12,0,20,0.1467290550686598,0.026143790849673196,0.2727272727272727,0.25000000000000006,0.037037037037037035,0.15053763440860216,0.5428571428571429,0.026143790849673203,0.2727272727272727,0.25,0.037037037037037035,0.14647702515349575,Yangon,Thaketa,NA,NA,0.21145178611651855
MMR013014,0,6,3,4,5,0,4,0.03157877205541812,0,0.0779220779220779,0.10416666666666666,0.00740740740740741,0.043010752688172046,0.08571428571428572,0,0.07792207792207792,0.10416666666666667,0.007407407407407408,0.047374037999038,Yangon,Dawbon,NA,NA,0.04693046426271741
MMR013015,1,16,26,20,5,0,7,0.1618999327415454,0.006535947712418299,0.20779220779220778,0.10416666666666666,0.012962962962962963,0.21505376344086025,0.742857142857143,0.006535947712418301,0.2077922077922078,0.10416666666666667,0.012962962962962963,0.08286444628356393,Yangon,Tamwe,NA,NA,0.22726777214456867
MMR013016,0,6,2,6,1,0,1,0.021529879735033064,0,0.0779220779220779,0.020833333333333336,0.0018518518518518506,0.06451612903225808,0.05714285714285715,0,0.07792207792207792,0.020833333333333332,0.001851851851851852,0.025151815776815776,Yangon,Pazundaung,NA,NA,0.032080672504596786
MMR013017,1,6,1,5,3,0,8,0.021858435115342977,0.006535947712418299,0.0779220779220779,0.0625,0.014814814814814814,0.05376344086021506,0.028571428571428574,0.006535947712418301,0.07792207792207792,0.0625,0.014814814814814815,0.04044321011232776,Yangon,Botahtaung,NA,NA,0.033742626622869205
MMR013018,6,19,10,13,16,0,47,0.11672350257568975,0.039215686274509796,0.24675324675324672,0.33333333333333337,0.08703703703703705,0.13978494623655915,0.2857142857142857,0.0392156862745098,0.24675324675324675,0.3333333333333333,0.08703703703703704,0.17658482584953172,Yangon,Dagon Myothit (South),1,2770,0.17419418075540027
MMR013019,0,16,9,17,7,0,17,0.08526315778022187,0,0.20779220779220778,0.14583333333333334,0.031481481481481485,0.18279569892473121,0.2571428571428571,0,0.2077922077922078,0.14583333333333334,0.03148148148148148,0.09627675565175565,Yangon,Dagon Myothit (North),NA,NA,0.12552662038942947
MMR013020,0,3,0,5,2,0,7,0.011476090780588217,0,0.03896103896103897,0.04166666666666667,0.012962962962962963,0.05376344086021506,0,0,0.03896103896103896,0.041666666666666664,0.012962962962962963,0.02339766714766715,Yangon,Dagon Myothit (East),NA,NA,0.018370178876751356
MMR013021,0,10,4,4,8,0,13,0.0469703808725245,0,0.12987012987012986,0.16666666666666669,0.024074074074074074,0.043010752688172046,0.1142857142857143,0,0.12987012987012986,0.16666666666666666,0.024074074074074074,0.08015271765271766,Yangon,Dagon Myothit (Seikkan),2,276430,0.07033961244247172
MMR013022,0,9,10,3,7,0,6,0.0698675138336986,0,0.11688311688311687,0.14583333333333334,0.011111111111111112,0.03225806451612904,0.2857142857142857,0,0.11688311688311688,0.14583333333333334,0.011111111111111112,0.06845689033189034,Yangon,Mingalartaungnyunt,NA,NA,0.09963237874519962
MMR013023,5,11,2,9,9,0,18,0.05000085252746077,0.03267973856209149,0.14285714285714285,0.1875,0.03333333333333333,0.09677419354838711,0.05714285714285715,0.032679738562091505,0.14285714285714285,0.1875,0.03333333333333333,0.09909255368814192,Yangon,Thanlyin,1,11963,0.07736806255515173
MMR013024,0,0,0,0,2,0,2,0.0035704038964633244,0,0,0.04166666666666667,0.0037037037037037095,0,0,0,0,0.041666666666666664,0.003703703703703704,0.011342592592592592,Yangon,Kyauktan,NA,NA,0.005709813685346884
MMR013025,0,1,0,7,2,0,4,0.010274314265281597,0,0.012987012987012991,0.04166666666666667,0.00740740740740741,0.07526881720430108,0,0,0.012987012987012988,0.041666666666666664,0.007407407407407408,0.015515271765271763,Yangon,Thongwa,NA,NA,0.016440913658009496
MMR013026,3,4,0,5,5,0,14,0.021677069494158003,0.019607843137254898,0.051948051948051945,0.10416666666666666,0.025925925925925925,0.05376344086021506,0,0.0196078431372549,0.05194805194805195,0.10416666666666667,0.025925925925925925,0.05041212191947487,Yangon,Kayan,NA,NA,0.03451423734876934
MMR013027,3,4,1,12,5,0,15,0.031789381207898856,0.019607843137254898,0.051948051948051945,0.10416666666666666,0.027777777777777776,0.12903225806451615,0.028571428571428574,0.0196078431372549,0.05194805194805195,0.10416666666666667,0.027777777777777776,0.05087508488243783,Yangon,Twantay,NA,NA,0.04946270681991501
MMR013028,4,1,0,5,5,0,18,0.02059975231545849,0.026143790849673196,0.012987012987012991,0.10416666666666666,0.03333333333333333,0.05376344086021506,0,0.026143790849673203,0.012987012987012988,0.10416666666666667,0.03333333333333333,0.04415770095917155,Yangon,Kawhmu,NA,NA,0.03266499693236233
MMR013029,1,2,2,2,5,0,16,0.025252186788749825,0.006535947712418299,0.025974025974025983,0.10416666666666666,0.029629629629629634,0.021505376344086023,0.05714285714285715,0.006535947712418301,0.025974025974025976,0.10416666666666667,0.02962962962962963,0.04157656749568514,Yangon,Kungyangon,NA,NA,0.037837825238855656
MMR013030,0,3,2,3,0,0,6,0.01592426608927669,0,0.03896103896103897,0,0.011111111111111112,0.03225806451612904,0.05714285714285715,0,0.03896103896103896,0,0.011111111111111112,0.012518037518037518,Yangon,Dala,7,271760,0.02302436940711244
MMR013031,1,0,1,1,0,0,0,0.006357253434920558,0.006535947712418299,0,0,0,0.010752688172043019,0.028571428571428574,0.006535947712418301,0,0,0,0.0016339869281045752,Yangon,Seikgyikanaungto,NA,NA,0.008890555286733005
MMR013033,2,9,11,45,8,0,11,0.11059559198331259,0.013071895424836598,0.11688311688311687,0.16666666666666669,0.020370370370370372,0.48387096774193555,0.3142857142857143,0.013071895424836602,0.11688311688311688,0.16666666666666666,0.020370370370370372,0.07924801233624762,Yangon,Kyauktada,NA,NA,0.16345983405390235
MMR013034,0,1,0,1,1,0,1,0.0035293887731645325,0,0.012987012987012991,0.020833333333333336,0.0018518518518518506,0.010752688172043019,0,0,0.012987012987012988,0.020833333333333332,0.001851851851851852,0.008918049543049544,Yangon,Pabedan,NA,NA,0.005660862301545243
MMR013035,0,8,2,2,2,0,2,0.022314448048336363,0,0.10389610389610389,0.04166666666666667,0.0037037037037037095,0.021505376344086023,0.05714285714285715,0,0.1038961038961039,0.041666666666666664,0.003703703703703704,0.03731661856661857,Yangon,Lanmadaw,NA,NA,0.033361169125157845
MMR013036,0,4,0,0,2,0,2,0.007554479672998735,0,0.051948051948051945,0.04166666666666667,0.0037037037037037095,0,0,0,0.05194805194805195,0.041666666666666664,0.003703703703703704,0.024329605579605583,Yangon,Latha,NA,NA,0.012142754760930095
MMR013037,1,5,3,1,1,0,4,0.023108181329662615,0.006535947712418299,0.06493506493506494,0.020833333333333336,0.00740740740740741,0.010752688172043019,0.08571428571428572,0.006535947712418301,0.06493506493506493,0.020833333333333332,0.007407407407407408,0.024927938347055992,Yangon,Ahlone,NA,NA,0.033284906443480256
MMR013038,1,12,5,4,4,0,9,0.0474306965219871,0.006535947712418299,0.1558441558441558,0.08333333333333334,0.016666666666666673,0.043010752688172046,0.14285714285714285,0.006535947712418301,0.15584415584415584,0.08333333333333333,0.016666666666666666,0.06559502588914354,Yangon,Kyeemyindaing,NA,NA,0.069829290706326555
MMR013039,3,18,19,20,7,0,11,0.13739325612619202,0.019607843137254898,0.23376623376623376,0.14583333333333334,0.020370370370370372,0.21505376344086025,0.5428571428571429,0.0196078431372549,0.23376623376623376,0.14583333333333334,0.020370370370370372,0.1048944451517981,Yangon,Sanchaung,NA,NA,0.19656340184603954
MMR013040,3,24,13,16,15,0,23,0.1277610758602224,0.019607843137254898,0.3116883116883116,0.3125,0.0425925925925926,0.17204301075268819,0.37142857142857144,0.0196078431372549,0.3116883116883117,0.3125,0.04259259259259259,0.1715971868545398,Yangon,Hlaing,NA,NA,0.18856873546268987
MMR013041,1,12,9,15,5,0,5,0.07482806818568806,0.006535947712418299,0.1558441558441558,0.10416666666666666,0.009259259259259262,0.16129032258064516,0.2571428571428571,0.006535947712418301,0.15584415584415584,0.10416666666666667,0.009259259259259259,0.06895150737062501,Yangon,Kamaryut,NA,NA,0.10879212702128396
MMR013042,2,22,5,11,9,0,9,0.07134658735786825,0.013071895424836598,0.2857142857142857,0.1875,0.016666666666666673,0.11827956989247312,0.14285714285714285,0.013071895424836602,0.2857142857142857,0.1875,0.016666666666666666,0.12573821195144724,Yangon,Mayangone,NA,NA,0.10822097914605744
MMR013043,0,4,1,1,0,0,0,0.009372022075936518,0,0.051948051948051945,0,0,0.010752688172043019,0.028571428571428574,0,0.05194805194805195,0,0,0.012987012987012988,Yangon,Dagon,NA,NA,0.013825677719905482
MMR013044,0,14,4,8,4,0,4,0.04562952973160109,0,0.1818181818181818,0.08333333333333334,0.00740740740740741,0.08602150537634409,0.1142857142857143,0,0.18181818181818182,0.08333333333333333,0.007407407407407408,0.06813973063973064,Yangon,Bahan,NA,NA,0.06829674847242807
MMR014001,0,18,17,48,14,2724,15,0.16605585168794637,0,0.23376623376623376,0.2916666666666667,0.027777777777777776,0.5161290322580646,0.4857142857142857,0,0.23376623376623376,0.2916666666666667,0.027777777777777776,0.13830266955266957,Shan-South,Taunggyi,2,1053,0.23209219116725455
MMR014002,0,0,0,4,5,4428,6,0.02533893590026541,0,0,0.10416666666666666,0.011111111111111112,0.043010752688172046,0,0,0,0.10416666666666667,0.011111111111111112,0.028819444444444446,Shan-South,Nyaungshwe,NA,NA,0.019434826660238606
MMR014003,0,0,0,4,0,0,0,0.002992671523196069,0,0,0,0,0.043010752688172046,0,0,0,0,0,0,Shan-South,Hopong,1,870,0.004790880759903989
MMR014004,0,1,0,5,0,6274,0,0.023418439351050445,0,0.012987012987012991,0,0,0.05376344086021506,0,0,0.012987012987012988,0,0,0.003246753246753247,Shan-South,Hsihseng,2,1194,0.00759683621877579
MMR014005,1,3,4,16,5,350,14,0.04657356325853959,0.006535947712418299,0.03896103896103897,0.10416666666666666,0.025925925925925925,0.17204301075268819,0.1142857142857143,0.006535947712418301,0.03896103896103896,0.10416666666666667,0.025925925925925925,0.04389739481651247,Shan-South,Kalaw,2,601,0.06786535270217313
MMR014006,0,0,1,1,0,508,0,0.006900576702570399,0,0,0,0,0.010752688172043019,0.028571428571428574,0,0,0,0,0,Shan-South,Pindaya,1,2260,0.0073927366443222705
MMR014007,0,0,0,3,5,0,4,0.010935155254009711,0,0,0.10416666666666666,0.00740740740740741,0.03225806451612904,0,0,0,0.10416666666666667,0.007407407407407408,0.02789351851851852,Shan-South,Ywangan,1,2586,0.017498283096327782
MMR014008,2,0,0,3,0,142,1,0.004841297927332074,0.013071895424836598,0,0,0.0018518518518518506,0.03225806451612904,0,0.013071895424836602,0,0,0.001851851851851852,0.0037309368191721136,Shan-South,Lawksawk,NA,NA,0.006958209541716876
MMR014009,3,1,0,3,0,8925,34,0.04072586911473959,0.019607843137254898,0.012987012987012991,0,0.06296296296296296,0.03225806451612904,0,0.0196078431372549,0.012987012987012988,0,0.06296296296296296,0.023889454771807712,Shan-South,Pinlaung,1,2364,0.022254849122948124
MMR014010,42,20,2,26,23,26432,186,0.2474906431050068,0.27450980392156854,0.2597402597402597,0.47916666666666674,0.3444444444444445,0.2795698924731183,0.05714285714285715,0.27450980392156865,0.2597402597402597,0.4791666666666667,0.34444444444444444,0.33946529369323486,Shan-South,Pekon,3,3567,0.2644808085644133
MMR014011,0,1,2,2,0,231,0,0.012459741509731552,0,0.012987012987012991,0,0,0.021505376344086023,0.05714285714285715,0,0.012987012987012988,0,0,0.003246753246753247,Shan-South,Loilen,1,116,0.016393708557540344
MMR014013,4,0,0,3,0,0,3,0.006827806573111802,0.026143790849673196,0,0,0.00555555555555556,0.03225806451612904,0,0.026143790849673203,0,0,0.005555555555555556,0.00792483660130719,Shan-South,Nansang,2,839,0.010692670200473178
MMR014014,0,0,0,1,1,239,0,0.003009662617511527,0,0,0.020833333333333336,0,0.010752688172043019,0,0,0,0.020833333333333332,0,0.005208333333333333,Shan-South,Kunhing,NA,NA,0.003683215345682024
MMR014015,23,1,0,5,0,40,1,0.027385385350777006,0.15032679738562088,0.012987012987012991,0,0.0018518518518518506,0.05376344086021506,0,0.1503267973856209,0.012987012987012988,0,0.001851851851851852,0.04129141555612144,Shan-South,Kyethi,NA,NA,0.042416076681190094
MMR014016,10,4,0,12,5,5175,4,0.046754991140491954,0.06535947712418298,0.051948051948051945,0.10416666666666666,0.00740740740740741,0.12903225806451615,0,0.06535947712418301,0.05194805194805195,0.10416666666666667,0.007407407407407408,0.057220400786577266,Shan-South,Mongkaing,NA,NA,0.049688892305802305
MMR014017,0,0,0,1,3,0,0,0.005397699336857055,0,0,0.0625,0,0.010752688172043019,0,0,0,0.0625,0,0.015625,Shan-South,Monghsu,NA,NA,0.008654205657094075
MMR014019,1,0,0,0,0,0,0,9.693071355194502e-4,0.006535947712418299,0,0,0,0,0,0.006535947712418301,0,0,0,0.0016339869281045752,Shan-South,Mongnai,1,49,0.0014978186424107346
MMR014021,2,1,0,0,0,400,4,0.0050671132949059745,0.013071895424836598,0.012987012987012991,0,0.00740740740740741,0,0,0.013071895424836602,0.012987012987012988,0,0.007407407407407408,0.008366578954814248,Shan-South,Mongpan,1,8,0.006081519301586935
MMR015001,20,21,14,25,10,123,26,0.14594763209782843,0.130718954248366,0.2727272727272727,0.20833333333333331,0.04814814814814815,0.2688172043010753,0.39999999999999997,0.13071895424836602,0.2727272727272727,0.20833333333333334,0.04814814814814815,0.16498192711428006,Shan-North,Lashio,1,29963,0.21486220402348732
MMR015002,25,5,0,4,3,340,70,0.054342435583423124,0.1633986928104575,0.06493506493506494,0.0625,0.12962962962962962,0.043010752688172046,0,0.16339869281045752,0.06493506493506493,0.0625,0.12962962962962962,0.10511584684378802,Shan-North,Hseni,3,886,0.08359282671948852
MMR015003,0,5,0,1,6,0,2,0.015498041772675657,0,0.06493506493506494,0.125,0.0037037037037037095,0.010752688172043019,0,0,0.06493506493506493,0.125,0.003703703703703704,0.04840969215969216,Shan-North,Mongyai,NA,NA,0.024890690842626
MMR015004,0,1,0,2,6,155,1,0.012488306677494477,0,0.012987012987012991,0.125,0.0018518518518518506,0.021505376344086023,0,0,0.012987012987012988,0.125,0.001851851851851852,0.03495971620971621,Shan-North,Tangyan,NA,NA,0.019286058270051365
MMR015005,1,0,0,0,0,0,0,9.693071355194502e-4,0.006535947712418299,0,0,0,0,0,0.006535947712418301,0,0,0,0.0016339869281045752,Shan-North,Pangsang (Panghkam),NA,NA,0.0014978186424107346
MMR015009,153,42,12,47,23,2593,301,0.3951881894496473,1,0.5454545454545454,0.47916666666666674,0.5574074074074074,0.5053763440860215,0.34285714285714286,1,0.5454545454545454,0.4791666666666667,0.5574074074074075,0.6455071548821548,Shan-North,Muse,1,200,0.5957044863219239
MMR015010,7,11,4,4,12,855,9,0.06255535668467041,0.045751633986928095,0.14285714285714285,0.25000000000000006,0.016666666666666673,0.043010752688172046,0.1142857142857143,0.0457516339869281,0.14285714285714285,0.25,0.016666666666666666,0.1138188608776844,Shan-North,Namhkan,2,1376,0.09089691208319711
MMR015011,86,9,9,9,12,4870,61,0.18827207663488293,0.5620915032679736,0.11688311688311687,0.25000000000000006,0.11296296296296296,0.09677419354838711,0.2571428571428571,0.5620915032679739,0.11688311688311688,0.25,0.11296296296296296,0.26048439577851346,Shan-North,Kutkai,3,3859,0.2621812052397704
MMR015012,54,23,9,25,24,5129,24,0.19383027793606591,0.3529411764705882,0.29870129870129863,0.5,0.044444444444444446,0.2688172043010753,0.2571428571428571,0.35294117647058826,0.2987012987012987,0.5,0.044444444444444446,0.2990217299040829,Shan-North,Kyaukme,2,4372,0.27208753493746207
MMR015013,2,1,4,4,2,0,1,0.02782146417969486,0.013071895424836598,0.012987012987012991,0.04166666666666667,0.0018518518518518506,0.043010752688172046,0.1142857142857143,0.013071895424836602,0.012987012987012988,0.041666666666666664,0.001851851851851852,0.01739435673259203,Shan-North,Nawnghkio,1,718,0.03951522112938582
MMR015014,21,8,4,15,17,171,26,0.0910810624037849,0.13725490196078427,0.10389610389610389,0.35416666666666674,0.04814814814814815,0.16129032258064516,0.1142857142857143,0.13725490196078433,0.1038961038961039,0.3541666666666667,0.04814814814814815,0.16086645516792578,Shan-North,Hsipaw,1,1531,0.13892406381697212
MMR015015,30,11,1,17,8,663,6,0.07317911550327343,0.196078431372549,0.14285714285714285,0.16666666666666669,0.011111111111111112,0.18279569892473121,0.028571428571428574,0.19607843137254902,0.14285714285714285,0.16666666666666666,0.011111111111111112,0.1291783380018674,Shan-North,Namtu,3,13241,0.11128183828156679
MMR015016,9,5,1,6,6,0,10,0.03448528885131308,0.0588235294117647,0.06493506493506494,0.125,0.018518518518518524,0.06451612903225808,0.028571428571428574,0.058823529411764705,0.06493506493506493,0.125,0.018518518518518517,0.06681927821633704,Shan-North,Namhsan,1,200,0.053509969524288194
MMR015017,0,1,0,3,3,0,0,0.007890054042588942,0,0.012987012987012991,0.0625,0,0.03225806451612904,0,0,0.012987012987012988,0.0625,0,0.018871753246753248,Shan-North,Mongmit,NA,NA,0.012657881305941872
MMR015018,0,0,0,2,0,0,0,0.0014963357615980345,0,0,0,0,0.021505376344086023,0,0,0,0,0,0,Shan-North,Mabein,NA,NA,0.0023954403799519943
MMR015019,5,5,0,0,3,316,9,0.017535312593860392,0.03267973856209149,0.06493506493506494,0.0625,0.016666666666666673,0,0,0.032679738562091505,0.06493506493506493,0.0625,0.016666666666666666,0.04419536754095577,Shan-North,Manton,1,243,0.026311460206357506
MMR015020,5,1,0,0,0,0,0,0.005842554621731104,0.03267973856209149,0.012987012987012991,0,0,0,0,0.032679738562091505,0.012987012987012988,0,0,0.011416687887276122,Shan-North,Kunlong,NA,NA,0.009097328480949476
MMR015022,0,1,0,2,0,0,0,0.0024923547057318874,0,0.012987012987012991,0,0,0.021505376344086023,0,0,0.012987012987012988,0,0,0.003246753246753247,Shan-North,Laukkaing,4,2434,0.004003675648847798
MMR015023,1,0,0,0,0,0,7,0.002616814042338996,0.006535947712418299,0,0,0.012962962962962963,0,0,0.006535947712418301,0,0,0.012962962962962963,0.004874727668845316,Shan-North,Konkyan,2,7197,0.0040837004511826425
MMR016001,0,0,0,5,2,0,2,0.007311243300458411,0,0,0.04166666666666667,0.0037037037037037095,0.05376344086021506,0,0,0,0.041666666666666664,0.003703703703703704,0.011342592592592592,Shan-East,Kengtung,NA,NA,0.01169841463522687
MMR016006,0,0,0,1,0,0,0,7.481678807990177e-4,0,0,0,0,0.010752688172043019,0,0,0,0,0,0,Shan-East,Monghsat,NA,NA,0.001197720189975998
MMR016007,0,3,0,0,0,0,0,0.002988056832401559,0,0.03896103896103897,0,0,0,0,0,0.03896103896103896,0,0,0.00974025974025974,Shan-East,Mongping,NA,NA,0.00482470580668741
MMR016009,1,4,1,9,1,0,1,0.018111874206079768,0.006535947712418299,0.051948051948051945,0.020833333333333336,0.0018518518518518506,0.09677419354838711,0.028571428571428574,0.006535947712418301,0.05194805194805195,0.020833333333333332,0.001851851851851852,0.02029229621141386,Shan-East,Tachileik,NA,NA,0.027760164724797635
MMR016010,0,0,0,2,0,0,0,0.0014963357615980345,0,0,0,0,0.021505376344086023,0,0,0,0,0,0,Shan-East,Monghpyak,NA,NA,0.0023954403799519943
MMR016011,0,3,0,0,0,0,0,0.002988056832401559,0,0.03896103896103897,0,0,0,0,0,0.03896103896103896,0,0,0.00974025974025974,Shan-East,Mongyawng,NA,NA,0.00482470580668741
MMR017001,6,15,15,50,14,0,31,0.15675511277162602,0.039215686274509796,0.19480519480519476,0.2916666666666667,0.057407407407407414,0.5376344086021506,0.4285714285714286,0.0392156862745098,0.19480519480519481,0.2916666666666667,0.05740740740740741,0.14577373878844468,Ayeyarwady,Pathein,1,365,0.23217039167776965
MMR017002,2,7,0,10,2,0,5,0.020668903973066317,0.013071895424836598,0.0909090909090909,0.04166666666666667,0.009259259259259262,0.10752688172043012,0,0.013071895424836602,0.09090909090909091,0.041666666666666664,0.009259259259259259,0.038726728064963356,Ayeyarwady,Kangyidaunt,1,290,0.033048534813101195
MMR017003,0,1,0,0,2,0,2,0.004566422840597177,0,0.012987012987012991,0.04166666666666667,0.0037037037037037095,0,0,0,0.012987012987012988,0.041666666666666664,0.003703703703703704,0.014589345839345838,Ayeyarwady,Thabaung,1,18341,0.007318048954242687
MMR017004,1,3,0,8,1,0,3,0.01219862522163611,0.006535947712418299,0.03896103896103897,0.020833333333333336,0.00555555555555556,0.08602150537634409,0,0.006535947712418301,0.03896103896103896,0.020833333333333332,0.005555555555555556,0.017971468890586536,Ayeyarwady,Ngapudaw,NA,NA,0.019498016185514395
MMR017005,1,7,0,10,1,0,6,0.0183851111484065,0.006535947712418299,0.0909090909090909,0.020833333333333336,0.011111111111111112,0.10752688172043012,0,0.006535947712418301,0.09090909090909091,0.020833333333333332,0.011111111111111112,0.032347370766488415,Ayeyarwady,Kyonpyaw,NA,NA,0.029434632701951846
MMR017006,0,9,0,10,3,0,3,0.021801455149889834,0,0.11688311688311687,0.0625,0.00555555555555556,0.10752688172043012,0,0,0.11688311688311688,0.0625,0.005555555555555556,0.04623466810966811,Ayeyarwady,Yegyi,NA,NA,0.035016039847842524
MMR017007,0,4,0,1,0,0,0,0.004732243657334429,0,0.051948051948051945,0,0,0.010752688172043019,0,0,0.05194805194805195,0,0,0.012987012987012988,Ayeyarwady,Kyaunggon,1,290,0.0076306612655592096
MMR017008,0,3,1,6,0,0,1,0.012352200665343403,0,0.03896103896103897,0,0.0018518518518518506,0.06451612903225808,0.028571428571428574,0,0.03896103896103896,0,0.001851851851851852,0.010203222703222704,Ayeyarwady,Hinthada,NA,NA,0.018575455087857084
MMR017009,1,1,0,4,0,0,0,0.004957997602849372,0.006535947712418299,0.012987012987012991,0,0,0.043010752688172046,0,0.006535947712418301,0.012987012987012988,0,0,0.004880740174857822,Ayeyarwady,Zalun,1,7842,0.007896934671210526
MMR017010,0,1,0,1,0,0,0,0.0017441868249328707,0,0.012987012987012991,0,0,0.010752688172043019,0,0,0.012987012987012988,0,0,0.003246753246753247,Ayeyarwady,Lemyethna,NA,NA,0.0028059554588718014
MMR017011,0,1,2,11,3,0,2,0.02362567018527656,0,0.012987012987012991,0.0625,0.0037037037037037095,0.11827956989247312,0.05714285714285715,0,0.012987012987012988,0.0625,0.003703703703703704,0.019797679172679175,Ayeyarwady,Myanaung,NA,NA,0.03536849910837723
MMR017012,0,2,0,2,1,0,0,0.005038217468551753,0,0.025974025974025983,0.020833333333333336,0,0.021505376344086023,0,0,0.025974025974025976,0.020833333333333332,0,0.011701839826839828,Ayeyarwady,Kyangin,1,6315,0.008097406073449626
MMR017013,0,0,1,4,3,0,1,0.012517339527401847,0,0,0.0625,0.0018518518518518506,0.043010752688172046,0.028571428571428574,0,0,0.0625,0.001851851851851852,0.016087962962962964,Ayeyarwady,Ingapu,NA,NA,0.018811794368335754
MMR017014,0,5,3,11,2,0,0,0.030228964302636753,0,0.06493506493506494,0.04166666666666667,0,0.11827956989247312,0.08571428571428572,0,0.06493506493506493,0.041666666666666664,0,0.026650432900432897,Ayeyarwady,Myaungmya,2,19656,0.04477213810866586
MMR017015,0,0,1,4,0,0,0,0.00763244994179816,0,0,0,0,0.043010752688172046,0.028571428571428574,0,0,0,0,0,Ayeyarwady,Einme,2,12384,0.010985897214250261
MMR017016,0,2,1,2,2,0,2,0.011698555964931155,0,0.025974025974025983,0.04166666666666667,0.0037037037037037095,0.021505376344086023,0.028571428571428574,0,0.025974025974025976,0.041666666666666664,0.003703703703703704,0.017836099086099087,Ayeyarwady,Labutta,2,2538,0.01751674105743676
MMR017017,0,2,1,11,1,0,1,0.016646864943890647,0,0.025974025974025983,0.020833333333333336,0.0018518518518518506,0.11827956989247312,0.028571428571428574,0,0.025974025974025976,0.020833333333333332,0.001851851851851852,0.012164802789802791,Ayeyarwady,Wakema,1,290,0.025441315924547292
MMR017018,3,6,1,4,2,0,3,0.0203222470391686,0.019607843137254898,0.0779220779220779,0.04166666666666667,0.00555555555555556,0.043010752688172046,0.028571428571428574,0.0196078431372549,0.07792207792207792,0.041666666666666664,0.005555555555555556,0.036188035820388764,Ayeyarwady,Mawlamyinegyun,2,2635,0.03120799012717158
MMR017019,1,14,2,23,8,0,8,0.05568260603482827,0.006535947712418299,0.1818181818181818,0.16666666666666669,0.014814814814814814,0.24731182795698928,0.05714285714285715,0.006535947712418301,0.18181818181818182,0.16666666666666666,0.014814814814814815,0.0924589027530204,Ayeyarwady,Maubin,1,8543,0.08678996442647999
MMR017020,0,1,1,6,1,0,0,0.01167464846621606,0,0.012987012987012991,0.020833333333333336,0,0.06451612903225808,0.028571428571428574,0,0.012987012987012988,0.020833333333333332,0,0.00845508658008658,Ayeyarwady,Pantanaw,2,8071,0.017475068018804087
MMR017021,0,7,1,6,3,0,1,0.020985807897936852,0,0.0909090909090909,0.0625,0.0018518518518518506,0.06451612903225808,0.028571428571428574,0,0.09090909090909091,0.0625,0.001851851851851852,0.03881523569023569,Ayeyarwady,Nyaungdon,NA,NA,0.032464881630558363
MMR017022,0,3,1,2,1,0,1,0.010909372960833344,0,0.03896103896103897,0.020833333333333336,0.0018518518518518506,0.021505376344086023,0.028571428571428574,0,0.03896103896103896,0.020833333333333332,0.001851851851851852,0.015411556036556036,Ayeyarwady,Danubyu,NA,NA,0.016270069483659118
MMR017023,0,10,2,10,3,0,3,0.032077030931227865,0,0.12987012987012986,0.0625,0.00555555555555556,0.10752688172043012,0.05714285714285715,0,0.12987012987012986,0.0625,0.005555555555555556,0.049481421356421355,Ayeyarwady,Pyapon,1,7985,0.04901430802543087
MMR017024,1,2,0,8,0,0,1,0.009182046199724944,0.006535947712418299,0.025974025974025983,0,0.0018518518518518506,0.08602150537634409,0,0.006535947712418301,0.025974025974025976,0,0.001851851851851852,0.008590456384574032,Ayeyarwady,Bogale,2,3936,0.014665462386977735
MMR017025,0,3,0,6,0,0,0,0.007477064117195663,0,0.03896103896103897,0,0,0.06451612903225808,0,0,0.03896103896103896,0,0,0.00974025974025974,Ayeyarwady,Kyaiklat,NA,NA,0.012011026946543393
MMR017026,0,1,1,1,0,0,0,0.006383965243534961,0,0.012987012987012991,0,0,0.010752688172043019,0.028571428571428574,0,0.012987012987012988,0,0,0.003246753246753247,Ayeyarwady,Dedaye,NA,NA,0.009000971913218074
MMR018001,0,2,6,61,3,0,3,0.08082455497331528,0,0.025974025974025983,0.0625,0.00555555555555556,0.6559139784946236,0.17142857142857143,0,0.025974025974025976,0.0625,0.005555555555555556,0.023507395382395383,Nay Pyi Taw,Zay Yar Thi Ri,NA,NA,0.12201222138042539
MMR018002,0,5,1,3,0,0,0,0.011864376781668406,0,0.06493506493506494,0,0,0.03225806451612904,0.028571428571428574,0,0.06493506493506493,0,0,0.016233766233766232,Nay Pyi Taw,Za Bu Thi Ri,NA,NA,0.01782935336875328
MMR018003,0,3,1,0,0,0,0,0.00762783525100365,0,0.03896103896103897,0,0,0,0.028571428571428574,0,0.03896103896103896,0,0,0.00974025974025974,Nay Pyi Taw,Tatkon,NA,NA,0.011019722261033683
MMR018004,1,0,0,0,2,0,0,0.004068994772891475,0.006535947712418299,0,0.04166666666666667,0,0,0,0.006535947712418301,0,0.041666666666666664,0,0.01205065359477124,Nay Pyi Taw,Det Khi Na Thi Ri,NA,NA,0.006468808953822786
MMR018005,0,2,1,0,2,0,2,0.010202220203333121,0,0.025974025974025983,0.04166666666666667,0.0037037037037037095,0,0.028571428571428574,0,0.025974025974025976,0.041666666666666664,0.003703703703703704,0.017836099086099087,Nay Pyi Taw,Poke Ba Thi Ri,NA,NA,0.015121300677484763
MMR018006,2,10,5,3,2,0,29,0.04726727284198078,0.013071895424836598,0.12987012987012986,0.04166666666666667,0.0537037037037037,0.03225806451612904,0.14285714285714285,0.013071895424836602,0.12987012987012986,0.041666666666666664,0.053703703703703705,0.059578098916334206,Nay Pyi Taw,Pyinmana,NA,NA,0.06933016204890595
MMR018007,1,2,0,1,1,0,2,0.005730072982363486,0.006535947712418299,0.025974025974025983,0.020833333333333336,0.0037037037037037095,0.010752688172043019,0,0.006535947712418301,0.025974025974025976,0.020833333333333332,0.003703703703703704,0.014261752680870326,Nay Pyi Taw,Lewe,NA,NA,0.009136327899819198
MMR018008,0,2,0,4,1,0,1,0.006769911359695437,0,0.025974025974025983,0.020833333333333336,0.0018518518518518506,0.043010752688172046,0,0,0.025974025974025976,0.020833333333333332,0.001851851851851852,0.012164802789802791,Nay Pyi Taw,Oke Ta Ra Thi Ri,NA,NA,0.010862258140369035
