state,admin1_pcode,township,admin3_pcode,population_2021_proj,population_density,fs_pin,fs_targeted,group,conflict_score,battles,explosions_remote_violence,protests_and_riots,strategic_developments,violence_against_civilians,fatalities,flood_count,flood_prob,beneficiaries_2021,partners_2021,not_in_6months
Ayeyarwady,MMR017,Hinthada,MMR017008,338333.0329836413,334.2440733430459,102515,13327.061831061234,B2,0.01857545508785708,0,3,1,6,0,1,5,0.3333333333333333,0,0,1
Ayeyarwady,MMR017,Zalun,MMR017009,168152.32215033146,267.8101558840312,50950,6624.480065287993,B2,0.00789693467121052,1,1,0,4,0,0,4,0.26666666666666666,7842,1,0
Ayeyarwady,MMR017,Lemyethna,MMR017010,102992.95991876331,102.24544602489684,31207,4057.107311638337,B2,0.0028059554588718,0,1,0,1,0,0,3,0.2,0,0,1
Ayeyarwady,MMR017,Myanaung,MMR017011,218515.143772356,142.09033450575592,66210,8606.688498081088,B2,0.03536849910837723,0,1,2,11,3,2,5,0.3333333333333333,0,0,1
Ayeyarwady,MMR017,Kyangin,MMR017012,96054.05117132452,82.97201659317125,29104,3784.430973441061,B2,0.00809740607344962,0,2,0,2,1,0,2,0.13333333333333333,6315,1,1
Ayeyarwady,MMR017,Ingapu,MMR017013,214319.40828568256,127.48400230202388,64939,8441.9585078309,B2,0.01881179436833575,0,0,1,4,3,1,5,0.3333333333333333,0,0,1
Ayeyarwady,MMR017,Labutta,MMR017016,315123.0280291265,125.97449327238034,95482,12413.303933374356,B2,0.01751674105743676,0,2,1,2,2,2,3,0.2,2538,2,0
Ayeyarwady,MMR017,Mawlamyinegyun,MMR017018,311246.19643100415,255.03406057718703,94308,12260.01232259513,B2,0.03120799012717158,3,6,1,4,2,3,2,0.13333333333333333,2635,2,0
Ayeyarwady,MMR017,Maubin,MMR017019,313998.3669801612,223.16211072941744,95142,12367.604337309436,A2,0.08678996442647999,1,14,2,23,8,8,4,0.26666666666666666,8543,1,0
Ayeyarwady,MMR017,Pantanaw,MMR017020,264516.27992181526,198.25380423070325,80148,10418.703742303838,B2,0.01747506801880408,0,1,1,6,1,0,4,0.26666666666666666,8071,2,0
Ayeyarwady,MMR017,Nyaungdon,MMR017021,215840.9497225939,239.43105804301265,65400,8502.024990500482,B2,0.032464881630558363,0,7,1,6,3,1,4,0.26666666666666666,0,0,1
Ayeyarwady,MMR017,Danubyu,MMR017022,179298.96276896607,238.0697198396546,54328,7063.413880781774,B2,0.01627006948365911,0,3,1,2,1,1,4,0.26666666666666666,0,0,1
Ayeyarwady,MMR017,Myaungmya,MMR017014,298547.0237154422,259.5116188558383,90460,11760.23274045477,B2,0.04477213810866586,0,5,3,11,2,0,2,0.13333333333333333,19656,2,0
Ayeyarwady,MMR017,Einme,MMR017015,194042.51934686952,259.1224369589217,58795,7642.66517759526,B2,0.01098589721425026,0,0,1,4,0,0,2,0.13333333333333333,12384,2,0
Ayeyarwady,MMR017,Wakema,MMR017017,289018.8953086076,244.82345902063642,87573,11383.545731921822,B2,0.02544131592454729,0,2,1,11,1,1,2,0.13333333333333333,290,1,0
Ayeyarwady,MMR017,Pathein,MMR017001,380870.2131022873,246.16725832341155,115404,15001.522321111168,A2,0.23217039167776965,6,15,15,50,14,31,4,0.26666666666666666,365,1,0
Ayeyarwady,MMR017,Kangyidaunt,MMR017002,177936.37342697513,224.26838352878067,53915,7009.08625177284,B2,0.03304853481310119,2,7,0,10,2,5,4,0.26666666666666666,290,1,0
Ayeyarwady,MMR017,Thabaung,MMR017003,154353.48085355895,72.81974487864807,46769,6080.016389222492,B2,0.00731804895424268,0,1,0,0,2,2,4,0.26666666666666666,18341,1,0
Ayeyarwady,MMR017,Ngapudaw,MMR017004,324381.2377842096,100.5611414055591,98288,12776.623054800893,B2,0.01949801618551439,1,3,0,8,1,3,3,0.2,0,0,1
Ayeyarwady,MMR017,Kyonpyaw,MMR017005,235655.97785729854,285.5233082957942,71404,9281.51105795806,B2,0.02943463270195184,1,7,0,10,1,6,3,0.2,0,0,1
Ayeyarwady,MMR017,Yegyi,MMR017006,194041.51964815924,149.10428427405347,58795,7642.704552480257,B2,0.03501603984784252,0,9,0,10,3,3,5,0.3333333333333333,0,0,1
Ayeyarwady,MMR017,Kyaunggon,MMR017007,162985.87921606208,238.35907206094348,49385,6419.986217708902,B2,0.0076306612655592,0,4,0,1,0,0,4,0.26666666666666666,290,1,0
Ayeyarwady,MMR017,Pyapon,MMR017023,314027.3582427568,220.84037084902027,95150,12370.462376100239,B2,0.04901430802543087,0,10,2,10,3,3,4,0.26666666666666666,7985,1,0
Ayeyarwady,MMR017,Bogale,MMR017024,322567.78432392236,159.01072355213503,97738,12706.054975718567,B2,0.01466546238697773,1,2,0,8,0,1,3,0.2,3936,2,0
Ayeyarwady,MMR017,Kyaiklat,MMR017025,193281.7486284138,311.31295799313386,58564,7612.631939322028,B2,0.01201102694654339,0,3,0,6,0,0,2,0.13333333333333333,0,0,1
Ayeyarwady,MMR017,Dedaye,MMR017026,202864.86046430896,225.72811396579283,61468,7991.1531492459535,B2,0.00900097191321807,0,1,1,1,0,0,3,0.2,0,0,1
Bago (East),MMR111,Bago,MMR007001,498305.6738756886,168.72215234247676,117102,17564.725000187475,A2,0.20092025597253135,0,16,11,23,14,121,4,0.26666666666666666,0,0,1
Bago (East),MMR111,Thanatpin,MMR007002,147318.53400533367,153.58426065465528,34620,3462.014450934979,B2,0,NA,NA,NA,NA,NA,NA,3,0.2,2403,1,1
Bago (East),MMR111,Kawa,MMR007003,200122.70765377962,169.08741338037933,47029,7053.674570218364,B2,0.01168328829820864,0,4,0,2,1,1,3,0.2,2456,1,1
Bago (East),MMR111,Waw,MMR007004,178475.18666098692,184.80328329755434,41942,4193.833120107248,B2,0.01661317521766831,0,3,0,3,3,2,4,0.26666666666666666,3758,1,1
Bago (East),MMR111,Nyaunglebin,MMR007005,202272.3514078065,272.60480880889247,47534,4752.599775620112,B2,0.04813753977681366,5,8,2,5,2,12,5,0.3333333333333333,0,0,1
Bago (East),MMR111,Kyauktaga,MMR007006,254724.6729889659,88.26459454428952,59860,8978.955277361709,B2,0.03829138494264156,0,2,3,6,3,5,3,0.2,0,0,1
Bago (East),MMR111,Daik-U,MMR007007,205361.95731276876,157.67465485903585,48260,7238.99100473608,B2,0.01825556443137159,0,2,1,2,2,4,3,0.2,0,0,1
Bago (East),MMR111,Shwegyin,MMR007008,108964.63070530172,44.02676370751646,25607,2561.331221257637,B2,0.00926492439546536,0,1,0,3,0,11,5,0.3333333333333333,0,0,1
Bago (East),MMR111,Taungoo,MMR007009,265720.30358739407,151.72678615196628,62444,6243.572894913285,B2,0.05024362026626448,5,3,3,6,4,6,3,0.2,0,0,1
Bago (East),MMR111,Yedashe,MMR007010,216579.6501669196,81.56600473008572,50896,5090.3782491838365,B2,0.01459499451653298,0,1,0,1,4,5,2,0.13333333333333333,0,0,1
Bago (East),MMR111,Kyaukkyi,MMR007011,114913.6683962809,56.02159696830596,28928,8000,B2,0.06048777313828801,13,6,0,6,2,52,5,0.3333333333333333,4357,2,0
Bago (East),MMR111,Phyu,MMR007012,260870.42336309663,111.04392448325919,61305,6129.545084729588,B2,0.0349462909150724,2,5,2,3,2,8,3,0.2,0,0,1
Bago (East),MMR111,Oktwin,MMR007013,162062.85939557207,111.2889881675877,38085,3807.522863995888,B2,0.00405262703264943,0,0,0,1,1,1,3,0.2,0,0,1
Bago (East),MMR111,Htantabin,MMR007014,118915.85891380176,215.68190344644566,27945,2795.477397053038,B2,0.0215358957396617,3,2,0,1,3,14,2,0.13333333333333333,0,0,1
Bago (West),MMR111,Pyay,MMR008001,255161.6996200912,320.0089060545159,59963,5995.700073931217,A2,0.11382699676765004,1,16,4,22,11,22,4,0.26666666666666666,0,0,1
Bago (West),MMR111,Paukkhaung,MMR008002,126601.8493173508,65.07417428115555,29751,2974.8565479597282,B2,0.00119772018997599,0,0,0,1,0,0,1,0.06666666666666667,0,0,1
Bago (West),MMR111,Padaung,MMR008003,146230.53035058329,57.33114159995835,34364,3435.5825874756074,B2,0.01882065805426299,0,5,0,9,0,0,4,0.26666666666666666,0,0,1
Bago (West),MMR111,Paungde,MMR008004,139484.50209796958,146.97493317745247,32779,3278.114204676438,B2,0.04466920323271433,1,8,0,5,8,12,1,0.06666666666666667,0,0,1
Bago (West),MMR111,Thegon,MMR008005,132788.15900759524,168.04188852053733,31205,3121.478336622012,B2,0.01436593358122327,0,2,0,6,1,4,1,0.06666666666666667,0,0,1
Bago (West),MMR111,Shwedaung,MMR008006,123372.31377179622,174.05978073694982,28992,2898.750647812207,B2,0.00446314211156924,0,1,0,0,1,1,6,0.4,0,0,1
Bago (West),MMR111,Thayarwady,MMR008007,153216.87255117073,144.9800117137064,36006,3601.403540264511,B2,0.01799962789642337,0,3,0,11,0,0,3,0.2,0,0,1
Bago (West),MMR111,Letpadan,MMR008008,179887.66484464705,120.45936551527755,42274,4226.639906829322,B2,0.00805630268149723,0,1,0,3,1,1,3,0.2,0,0,1
Bago (West),MMR111,Minhla,MMR008009,124203.77975212738,180.5229342203421,29188,2919.2111911036827,B2,0.00680963110771959,0,2,0,3,0,0,2,0.13333333333333333,0,0,1
Bago (West),MMR111,Okpho,MMR008010,128433.10243988504,120.47235131181279,30182,3017.822103149499,B2,0.01294318231938244,1,0,1,2,1,1,6,0.4,0,0,1
Bago (West),MMR111,Zigon,MMR008011,68467.1675486599,263.33283282890045,16090,1609.021562895462,B2,0.00395529391172643,0,2,0,0,0,2,2,0.13333333333333333,0,0,1
Bago (West),MMR111,Nattalin,MMR008012,174548.03087827645,126.90205463519796,41019,4102.121277946048,B2,0.02108645925035944,2,3,0,3,3,6,3,0.2,0,0,1
Bago (West),MMR111,Monyo,MMR008013,129353.79891566637,193.99912522394698,30398,3040.1857368292294,B2,0.01342301063283493,0,1,1,2,1,2,7,0.4666666666666667,0,0,1
Bago (West),MMR111,Gyobingauk,MMR008014,119075.0542295481,152.56372654521383,27983,2797.7362504699418,B2,0.02172318203779629,1,5,1,2,1,3,3,0.2,0,0,1
Chin,MMR004,Falam,MMR004001,51831.49727101556,17.90848230559596,30827,7707.251138876627,A2,0.08111154965361414,10,5,1,20,5,42,1,0.06666666666666667,0,0,1
Chin,MMR004,Tedim,MMR004004,94465.77959061916,36.13160376644647,52712,13178.023747151421,B2,0.05595425628542317,15,5,0,4,4,29,2,0.13333333333333333,760,1,0
Chin,MMR004,Tonzang,MMR004005,34367.46198817385,9.119912971759916,19177,5000,B2,0.00119772018997599,0,0,0,1,0,0,2,0.13333333333333333,490,1,0
Chin,MMR004,Hakha,MMR004002,52127.97296104466,11.223770441181514,29200,20000,A2,0.17673404444595903,27,8,7,21,5,115,1,0.06666666666666667,2912,1,1
Chin,MMR004,Thantlang,MMR004003,54307.87785282231,14.482704682972276,30920,7730.014039556785,A2,0.10420453912122224,15,7,0,16,4,112,1,0.06666666666666667,0,0,1
Chin,MMR004,Matupi,MMR004007,55361.17512248934,8.635335249083264,30892,7723.116072157207,B2,0.07230131607971739,10,5,1,9,2,74,1,0.06666666666666667,0,0,1
Chin,MMR004,Paletwa,MMR004009,104632.20052507173,11.910077933803407,62734,40000,B2,0.03237493880250704,3,5,1,8,0,11,4,0.26666666666666666,9726,2,0
Chin,MMR004,Mindat,MMR004006,45926.77961905409,12.986041644320776,27757,20000,A2,0.2853963664807971,74,6,1,27,7,295,1,0.06666666666666667,3117,2,0
Chin,MMR004,Kanpetlet,MMR004008,23171.461839256557,8.56469479524659,13461,5000,A2,0.07735692382351121,22,1,0,8,4,63,1,0.06666666666666667,0,0,1
Kachin,MMR001,Bhamo,MMR001010,154328.6819752977,63.004686533287,47502,11875.51480958475,A2,0.08732515786341417,8,12,1,23,6,20,6,0.4,11072,8,0
Kachin,MMR001,Shwegu,MMR001011,107655.37796938862,30.685977544347146,30515,7629.27225272046,A2,0.1450541265872452,32,13,1,9,6,120,6,0.4,1453,3,0
Kachin,MMR001,Momauk,MMR001012,71457.52921976405,33.697204664450965,37244,9310.76634196921,A2,0.3663404894849675,105,77,0,12,8,138,2,0.13333333333333333,23134,9,0
Kachin,MMR001,Mansi,MMR001013,60134.76943987677,24.869355476392105,26268,6567.154605327822,B2,0.05675526881949739,20,15,0,1,0,4,1,0.06666666666666667,13105,8,0
Kachin,MMR001,Mohnyin,MMR001007,237713.2149515665,33.0359675785554,62570,15642.46040479048,A2,0.19701949455271053,18,18,8,18,13,102,1,0.06666666666666667,2438,1,0
Kachin,MMR001,Mogaung,MMR001008,150615.76175055586,39.98216678967632,40665,10166.563581145812,A2,0.08506374755679742,12,4,6,8,5,4,2,0.13333333333333333,1563,3,0
Kachin,MMR001,Hpakant,MMR001009,376752.9342027131,57.57522787789535,101926,25481.447300020223,A2,0.4005326391057958,77,66,10,24,14,145,3,0.2,3822,2,0
Kachin,MMR001,Myitkyina,MMR001001,360733.65404065774,50.989516386777474,103166,25791.498650643873,A2,0.25752871754408524,12,23,20,32,14,15,5,0.3333333333333333,11081,4,0
Kachin,MMR001,Waingmaw,MMR001002,142592.4921061458,25.071304798093855,57138,14284.407250148079,A2,0.1692582037413074,40,36,2,12,8,13,3,0.2,15365,8,0
Kachin,MMR001,Injangyang,MMR001003,1967.200314852518,0.3672921590247968,933,232.7217121528395,B2,0.01628632324056841,9,1,0,1,0,0,NA,0,641,2,1
Kachin,MMR001,Tanai,MMR001004,68169.3970537721,4.861215210923626,18789,4696.98799300862,A2,0.11373356135653806,34,16,0,9,3,51,3,0.2,1926,2,0
Kachin,MMR001,Chipwi,MMR001005,22760.235051575986,5.888645774049136,7969,1991.5492061604696,B2,0.00479088075990398,0,0,0,4,0,0,NA,0,960,1,0
Kachin,MMR001,Tsawlaw,MMR001006,7403.124510513114,1.9657565069020682,1940,0,B2,0,NA,NA,NA,NA,NA,NA,2,0.13333333333333333,0,0,1
Kachin,MMR001,Puta-O,MMR001014,69368.79863141889,9.945512945542742,18542,4636.462735824779,B2,0.06312482029995413,12,2,0,16,5,28,NA,0,1560,2,1
Kachin,MMR001,Sumprabum,MMR001015,2891.7390309552607,0.5144904147332131,1646,410.6379127492752,B2,0.02680863077761357,11,0,0,1,1,18,NA,0,1698,1,1
Kachin,MMR001,Machanbaw,MMR001016,10060.889370071365,2.763964569375613,2636,659.011746469699,B2,0.0026955388323867302,1,0,0,1,0,0,NA,0,0,0,1
Kachin,MMR001,Nawngmun,MMR001017,8090.28166437326,0.8789985882328115,2120,0,B2,0.00847409610558601,0,0,0,5,1,0,1,0.06666666666666667,0,0,1
Kachin,MMR001,Khaunglanhpu,MMR001018,13237.713435107447,2.1895308723490365,3468,866.9297756888743,B2,0.00248549515570602,0,0,0,0,1,0,NA,0,0,0,1
Kayah,MMR002,Bawlake,MMR002005,12712.895004683189,5.643631762005174,4844,1000,B2,0.03951794735281969,11,2,0,5,2,24,1,0.06666666666666667,0,0,1
Kayah,MMR002,Hpasawng,MMR002006,29590.199595294787,17.924287463914663,11348,8000,B2,0.00599127456964293,4,0,0,0,0,0,2,0.13333333333333333,0,0,1
Kayah,MMR002,Mese,MMR002007,7305.63691656903,3.491897623651977,2982,900,B2,0,NA,NA,NA,NA,NA,NA,NA,0,0,0,1
Kayah,MMR002,Loikaw,MMR002001,148449.29351548982,83.5442951581021,69687,25000,A2,0.24568889085516096,29,25,11,30,15,56,1,0.06666666666666667,9709,4,0
Kayah,MMR002,Demoso,MMR002002,91567.29695033768,65.48166638433618,67077,25000,A2,0.3986184108747939,90,24,1,22,20,387,2,0.13333333333333333,4396,4,0
Kayah,MMR002,Hpruso,MMR002003,33960.40177042233,17.788651519030832,17007,4000,A2,0.07916809925944682,13,7,0,5,4,88,NA,0,3637,2,0
Kayah,MMR002,Shadaw,MMR002004,7794.683350452351,3.0975758391303407,2970,500,B2,0.00707933773600411,3,0,0,0,0,7,NA,0,4,1,0
Kayin,MMR003,Hpa-An,MMR003001,437422.79044545017,145.4624394076633,134831,15000,A2,0.1402039233534155,21,13,5,23,6,39,8,0.5333333333333333,7865,1,1
Kayin,MMR003,Hlaingbwe,MMR003002,275878.0378153535,61.546285153184904,90664,15000,B2,0.0173341206263347,1,4,0,3,1,9,8,0.5333333333333333,13503,3,0
Kayin,MMR003,Thandaunggyi,MMR003004,99662.77380742782,26.42217422644672,32704,7000,B2,0.0204775767422832,7,1,0,4,1,3,1,0.06666666666666667,3295,3,0
Kayin,MMR003,Hpapun,MMR003003,36403.91058003586,15.57680044277144,36403.91058003586,44320.23954264364,A2,0.3058836838045253,56,42,0,26,8,280,3,0.2,0,0,1
Kayin,MMR003,Kawkareik,MMR003006,228625.06669591743,91.35106673625347,70417,5000,A2,0.13287171303569217,25,11,3,11,2,111,7,0.4666666666666667,34057,3,0
Kayin,MMR003,Kyainseikgyi,MMR003007,264429.2491780408,35.43072285222603,81444,5000,A2,0.09871791476834885,14,14,2,10,9,23,8,0.5333333333333333,1342,1,1
Kayin,MMR003,Myawaddy,MMR003005,218454.5912361622,67.0896661511683,67353,5000,A2,0.2358326676956738,29,22,8,28,7,153,6,0.4,8046,2,1
Magway,MMR009,Gangaw,MMR009023,132523.7540308305,53.603635157139635,32767,3277.25118460458,A2,0.4305544328906761,30,39,4,45,18,540,1,0.06666666666666667,0,0,1
Magway,MMR009,Tilin,MMR009024,48583.26092104402,36.5979592722804,10202,1019.7515811746895,B2,0.0762742980005223,11,5,1,7,5,67,1,0.06666666666666667,0,0,1
Magway,MMR009,Saw,MMR009025,68299.51859151479,38.4902937265232,18217,1822.2941570613998,A2,0.15437215808422353,24,6,0,24,5,183,2,0.13333333333333333,938,1,0
Magway,MMR009,Magway,MMR009001,287573.41447282815,163.42058132727695,60390,6038.958296358604,A2,0.15974018963908382,2,20,9,26,11,28,7,0.4666666666666667,16853,1,1
Magway,MMR009,Yenangyaung,MMR009002,133450.36147114506,130.6205741023698,28025,2801.542483822312,B2,0.02552409235513235,0,4,1,6,2,2,7,0.4666666666666667,12512,2,0
Magway,MMR009,Chauk,MMR009003,184117.4949189052,184.62923089516073,38665,3865.532663203272,B2,0.01991218143738875,0,2,1,4,2,2,6,0.4,12613,2,0
Magway,MMR009,Taungdwingyi,MMR009004,258356.4478971576,131.6823705759589,54255,5424.514637587847,A2,0.17678362408489304,1,16,3,46,28,17,3,0.2,0,0,1
Magway,MMR009,Myothit,MMR009005,158588.06803864965,99.92111131072731,33303,3329.6506078513253,B2,0.04697210495144968,1,6,0,7,10,7,2,0.13333333333333333,20828,2,0
Magway,MMR009,Natmauk,MMR009006,205798.31943708163,89.44307077706787,43218,4322.2353046313865,B2,0.05094195555351406,1,4,0,13,10,7,2,0.13333333333333333,42,1,1
Magway,MMR009,Minbu,MMR009007,187093.17739622458,112.83233123672709,39290,3929.0432751559238,B2,0.02209930242325239,1,3,1,8,0,0,7,0.4666666666666667,12904,1,1
Magway,MMR009,Pwintbyu,MMR009008,162744.87673817252,135.82845401698512,34176,3418.3576259129213,A2,0.08561911983614248,1,14,3,18,7,11,5,0.3333333333333333,0,0,1
Magway,MMR009,Ngape,MMR009009,51840.30595802967,39.41849478608943,10886,1089.353689716822,B2,0.01846868863432656,0,0,2,3,1,0,1,0.06666666666666667,0,0,1
Magway,MMR009,Salin,MMR009010,234667.31111563844,101.61819908204654,49280,4927.986466608758,B2,0.03798991989736465,1,2,1,8,6,7,5,0.3333333333333333,7770,2,0
Magway,MMR009,Sidoktaya,MMR009011,47251.014172093855,16.790943805132798,9923,991.7287765617061,B2,0.00488093553565802,0,0,0,2,1,0,2,0.13333333333333333,0,0,1
Magway,MMR009,Pakokku,MMR009018,288460.2533534726,220.2297772133342,60577,6058.334698067766,A2,0.14593524846700845,2,18,9,12,12,38,6,0.4,46,1,1
Magway,MMR009,Yesagyo,MMR009019,214105.97155217687,216.8788872678808,44962,4495.77460870406,A2,0.26995692299446256,24,68,2,37,15,83,6,0.4,0,0,1
Magway,MMR009,Myaing,MMR009020,224464.6871322603,110.58710612410339,47138,4714.241582602502,A2,0.19205110859803867,13,37,2,21,13,117,2,0.13333333333333333,0,0,1
Magway,MMR009,Pauk,MMR009021,170521.6185816712,69.60365230670028,35810,3581.04601037606,A2,0.24340516487865616,12,31,0,36,20,224,2,0.13333333333333333,0,0,1
Magway,MMR009,Seikphyu,MMR009022,102174.37771855226,67.26112110071672,21457,2146.3381211759756,B2,0.01472558303755912,0,2,0,1,4,1,5,0.3333333333333333,12261,2,0
Magway,MMR009,Thayet,MMR009012,103743.24739753983,86.51524405027018,21786,2179.391875114487,B2,0.01694377744195597,2,3,0,4,1,5,5,0.3333333333333333,0,0,1
Magway,MMR009,Minhla,MMR009013,145236.76834338708,61.29720086114784,30500,3050.027865043446,B2,0.01160051186762358,0,2,0,7,0,0,5,0.3333333333333333,0,0,1
Magway,MMR009,Mindon,MMR009014,59013.55990853376,23.19948720319375,12393,1238.7153073514057,B2,0.00359316056992799,0,0,0,3,0,0,2,0.13333333333333333,0,0,1
Magway,MMR009,Kamma,MMR009015,74759.92110993135,65.45472779822003,15700,1570.0416577967449,B2,0.01277787020686854,1,1,0,6,1,0,5,0.3333333333333333,0,0,1
Magway,MMR009,Aunglan,MMR009016,233861.00356832598,87.68096652531628,49111,4910.918926403586,B2,0.02661924391047253,1,1,1,7,3,4,4,0.26666666666666666,0,0,1
Magway,MMR009,Sinbaungwe,MMR009017,117162.15364424167,57.17251643278881,24604,2459.59484021137,B2,0.00570981368534688,0,0,0,0,2,2,3,0.2,0,0,1
Mandalay,MMR010,Kyaukse,MMR010013,274709.3466889205,137.59102010968007,32416,3242.429766033835,A2,0.07768988945115968,3,12,4,9,5,16,NA,0,0,0,1
Mandalay,MMR010,Sintgaing,MMR010014,158619.83773306131,332.077142416661,18717,1872.2859584249468,B2,0.0754865162977018,2,7,2,11,9,36,6,0.4,0,0,1
Mandalay,MMR010,Myittha,MMR010015,208374.00606965614,219.4364002926349,24588,2459.1867425586734,B2,0.01853402279788063,0,7,0,4,1,0,NA,0,0,0,1
Mandalay,MMR010,Tada-U,MMR010016,147647.73934006476,147.76282840464387,17422,1741.7567097702458,B2,0.01533134435416547,1,2,1,1,1,2,5,0.3333333333333333,0,0,1
Mandalay,MMR010,Aungmyaythazan,MMR010001,283094.198504246,9441.59208360073,33405,3341.4885290733523,A1,0.07950148669237887,3,11,5,5,7,8,1,0.06666666666666667,3733,1,1
Mandalay,MMR010,Chanayethazan,MMR010002,210020.72620513552,16220.071930996817,24782,2477.755454915075,A1,0.4332886792371201,0,38,35,46,28,83,NA,0,0,0,1
Mandalay,MMR010,Mahaaungmyay,MMR010003,256821.2367566823,15974.92587613374,30305,3029.509485691361,A1,0.21963015264402871,5,26,12,21,23,37,NA,0,2118,1,1
Mandalay,MMR010,Chanmyathazi,MMR010004,302269.0082577384,9389.493368411573,35668,3567.2257168409606,A1,0.20906269830662952,5,38,7,18,24,43,NA,0,0,0,1
Mandalay,MMR010,Pyigyitagon,MMR010005,253183.75340437837,8330.833747478688,29876,2988.4317722113033,A1,0.09909546441258286,5,14,4,5,12,23,2,0.13333333333333333,10402,1,0
Mandalay,MMR010,Amarapura,MMR010006,253098.54149568605,1157.9296771978002,29866,2987.437274355215,B1,0.07559267894344697,0,12,1,10,14,9,3,0.2,7797,1,0
Mandalay,MMR010,Patheingyi,MMR010007,280906.3827485704,444.24856158296586,33147,3315.3047115730856,B2,0.04434318886697195,3,10,0,4,6,11,2,0.13333333333333333,0,0,1
Mandalay,MMR010,Meiktila,MMR010028,329837.1910174255,251.91454076803183,38921,3891.921147591971,A2,0.09240408447402296,2,6,7,13,6,16,NA,0,40,1,1
Mandalay,MMR010,Mahlaing,MMR010029,148510.50991557463,124.15877250627207,17524,1751.5760855914916,B2,0.02953736227916188,0,2,3,2,2,1,NA,0,188,1,1
Mandalay,MMR010,Thazi,MMR010030,215884.3706720267,99.27957873421741,25474,2546.564500546806,B2,0.01663163317877728,0,5,1,2,0,0,1,0.06666666666666667,40,1,1
Mandalay,MMR010,Wundwin,MMR010031,244728.60176438157,164.65514817460277,28878,2888.202513380018,B2,0.05365379236617998,1,1,3,4,9,13,NA,0,229,1,1
Mandalay,MMR010,Myingyan,MMR010017,294083.33927898115,279.32558084224723,34702,3469.816606201124,A2,0.337270425971753,14,20,10,43,44,166,5,0.3333333333333333,46608,1,1
Mandalay,MMR010,Taungtha,MMR010018,230755.97903655615,160.19174577491975,27229,2723.079449686694,A2,0.08609599621599455,2,8,2,17,13,14,5,0.3333333333333333,45,1,1
Mandalay,MMR010,Natogyi,MMR010019,188614.4295927627,140.950457884103,22257,2226.349785760861,B2,0.07057987362347962,3,7,2,4,4,75,NA,0,0,0,1
Mandalay,MMR010,Ngazun,MMR010021,132326.63815718322,129.10342330706462,15615,1560.5458019399339,B2,0.02640555006083727,1,3,0,9,3,5,3,0.2,0,0,1
Mandalay,MMR010,Kyaukpadaung,MMR010020,278971.0072723958,133.6282602282676,32919,3292.1421203210016,A2,0.09079652565202084,1,14,4,13,9,11,NA,0,0,0,1
Mandalay,MMR010,Nyaung-U,MMR010022,255579.27318749158,163.912737162968,30158,3016.1645853686555,B2,0.07015006955835613,0,5,5,6,8,11,6,0.4,71547,1,1
Mandalay,MMR010,Pyinoolwin,MMR010008,272154.0545770091,128.25795413023565,32114,3210.5822103578134,B2,0.04226409912065886,2,1,3,9,2,9,1,0.06666666666666667,0,0,1
Mandalay,MMR010,Madaya,MMR010009,274809.470681634,234.70233974895402,32428,3243.2482649609665,A2,0.17357897741413278,4,17,2,36,28,41,3,0.2,779,1,1
Mandalay,MMR010,Singu,MMR010010,167851.48289101702,104.41697839792185,19806,1981.3525646218368,B2,0.05552202804047587,1,5,1,7,11,11,6,0.4,0,0,1
Mandalay,MMR010,Mogoke,MMR010011,178038.56657518548,141.83107109160767,21009,2101.1449244088303,A2,0.2931751797540419,13,25,10,63,29,65,1,0.06666666666666667,0,0,1
Mandalay,MMR010,Thabeikkyin,MMR010012,174366.9984594045,63.41473935928963,20575,2058.469525275091,B2,0.04364350385374093,1,5,1,6,7,9,7,0.4666666666666667,0,0,1
Mandalay,MMR010,Yamethin,MMR010023,274905.3340789128,119.95049770550389,32439,3244.117062092947,B2,0,NA,NA,NA,NA,NA,NA,1,0.06666666666666667,0,0,1
Mandalay,MMR010,Pyawbwe,MMR010024,277250.79186566925,157.89602529389026,32716,3272.4407153383586,B2,0.00354477883280663,0,1,0,1,0,2,NA,0,0,0,1
Mon,MMR011,Mawlamyine,MMR011001,278680.7196406106,2082.624832369358,44000.17344512815,0,A1,0.13752244119287266,0,10,13,18,6,12,6,0.4,8558,1,1
Mon,MMR011,Kyaikmaraw,MMR011002,188565.08118107164,148.5770092854094,24000.13167079307,0,B2,0.00726909757044104,0,2,0,1,1,1,5,0.3333333333333333,28590,1,1
Mon,MMR011,Chaungzon,MMR011003,117607.3699214522,302.02872083229533,12000.006948041786,0,B2,0.01454604313273134,0,2,0,2,3,4,4,0.26666666666666666,583,1,1
Mon,MMR011,Thanbyuzayat,MMR011004,164226.21257492076,221.19043183432143,23000.148475104626,0,B2,0.02115157466599742,0,3,1,1,3,4,3,0.2,0,0,1
Mon,MMR011,Mudon,MMR011005,183679.78085508436,261.31259738414485,27000.299476739117,0,B2,0.03074061453097436,0,1,1,12,3,3,3,0.2,0,0,1
Mon,MMR011,Ye,MMR011006,253869.98090638287,96.9426980309231,61437,10000,A2,0.22842025722716824,20,33,7,36,13,72,2,0.13333333333333333,0,0,1
Mon,MMR011,Thaton,MMR011007,229296.140236455,192.68022920470952,55490,10000,A2,0.1852094646399963,23,33,3,11,13,91,9,0.6,39,1,1
Mon,MMR011,Paung,MMR011008,210376.07410109657,224.22771431560597,34003.99336600171,0,B2,0.03468830119950777,0,10,0,6,4,4,6,0.4,1032,2,1
Mon,MMR011,Kyaikto,MMR011009,177704.36423321342,193.68650951761765,43004,10000,A2,0.16296723966575533,14,27,1,10,16,110,3,0.2,1563,2,1
Mon,MMR011,Bilin,MMR011010,174375.27232961828,90.78457704298245,43029,5000,B2,0.07234004556860718,7,14,0,5,10,23,7,0.4666666666666667,7816,3,1
Nay Pyi Taw,MMR018,Za Bu Thi Ri,MMR018002,123719.90831721459,1885.9885944117398,0,0,B1,0.01782935336875328,0,5,1,3,0,0,NA,0,0,0,1
Nay Pyi Taw,MMR018,Det Khi Na Thi Ri,MMR018004,57490.06829779366,344.09759436474314,0,0,B2,0.00646880895382278,1,0,0,0,2,0,NA,0,0,0,1
Nay Pyi Taw,MMR018,Pyinmana,MMR018006,210082.69677906152,163.52743867836256,0,0,B2,0.06933016204890595,2,10,5,3,2,29,NA,0,0,0,1
Nay Pyi Taw,MMR018,Lewe,MMR018007,318535.16586296825,131.30587899736395,0,0,B2,0.00913632789981919,1,2,0,1,1,2,3,0.2,0,0,1
Nay Pyi Taw,MMR018,Zay Yar Thi Ri,MMR018001,124654.03232283259,213.60773290848857,0,0,A2,0.1220122213804254,0,2,6,61,3,3,NA,0,0,0,1
Nay Pyi Taw,MMR018,Tatkon,MMR018003,243155.61481010212,112.4543907325061,0,0,B2,0.01101972226103368,0,3,1,0,0,0,1,0.06666666666666667,0,0,1
Nay Pyi Taw,MMR018,Poke Ba Thi Ri,MMR018005,130476.06659285931,477.93221325553196,0,0,B2,0.01512130067748476,0,2,1,0,2,2,NA,0,0,0,1
Nay Pyi Taw,MMR018,Oke Ta Ra Thi Ri,MMR018008,91418.70664093515,95.69527695546594,0,0,B2,0.01086225814036903,0,2,0,4,1,1,2,0.13333333333333333,0,0,1
Rakhine,MMR012,Kyaukpyu,MMR012011,171175.73756895756,140.57406478689867,47000.071429559386,0,B2,0.00736643069136404,0,0,0,2,2,0,3,0.2,1427,1,0
Rakhine,MMR012,Munaung,MMR012012,58972.356344968524,110.55731533573838,14000.034103613378,0,B2,0,NA,NA,NA,NA,NA,NA,3,0.2,0,0,1
Rakhine,MMR012,Ramree,MMR012013,101338.74477697774,83.12538574090227,25999.680633488286,0,B2,0.00239544037995199,0,0,0,2,0,0,3,0.2,0,0,1
Rakhine,MMR012,Ann,MMR012014,123930.35613315948,19.007167244878108,51962,1000,B2,0.01943758863764908,0,6,1,3,0,0,5,0.3333333333333333,2105,1,0
Rakhine,MMR012,Maungdaw,MMR012009,42221.457598032895,358.58607901204044,16889,16889.41697108115,B2,0.04333719333440177,6,2,0,6,8,11,2,0.13333333333333333,121432,7,0
Rakhine,MMR012,Buthidaung,MMR012010,57501.30838010879,135.59691750737855,27218,25001,B2,0.02362033614318682,2,2,0,5,4,4,1,0.06666666666666667,147985,4,0
Rakhine,MMR012,Mrauk-U,MMR012003,196308.81462093847,174.27252555688966,92169,49999,B2,0.00976187107131604,0,0,0,4,2,0,3,0.2,13578,3,0
Rakhine,MMR012,Kyauktaw,MMR012004,179196.62400930474,122.78266666831666,80736,40000,B2,0.01307088027032427,0,4,0,4,0,5,3,0.2,24261,2,0
Rakhine,MMR012,Minbya,MMR012005,175167.54682476277,56.75619923844645,71821,50000,B2,0.00694863726727527,0,1,0,0,2,1,5,0.3333333333333333,16519,2,0
Rakhine,MMR012,Myebon,MMR012006,142024.9707551043,70.38435370860087,35999.769923067914,0,B2,0.0016082352688958,0,1,0,0,0,0,4,0.26666666666666666,4541,3,0
Rakhine,MMR012,Sittwe,MMR012001,153108.0386733227,1351.2487553610713,128717,79999,B1,0.03237324151404607,0,0,2,6,5,1,4,0.26666666666666666,149885,11,0
Rakhine,MMR012,Ponnagyun,MMR012002,134322.93214950498,131.9399496153699,36999.61783574795,0,B2,0.01035497958720651,0,3,0,1,1,5,2,0.13333333333333333,1136,2,0
Rakhine,MMR012,Pauktaw,MMR012007,151097.64096202247,190.17834032625606,50000.361944635726,0,B2,0.00119772018997599,0,0,0,1,0,0,3,0.2,34038,6,0
Rakhine,MMR012,Rathedaung,MMR012008,115917.75145475383,195.18070058142035,58100,10001,B2,0.00409373042460183,0,1,0,0,1,0,1,0.06666666666666667,13295,3,0
Rakhine,MMR012,Thandwe,MMR012015,138185.3388749741,38.037736558562656,35999.91171640083,0,B2,0.03981859006428479,0,0,5,5,1,1,4,0.26666666666666666,0,0,1
Rakhine,MMR012,Toungup,MMR012016,163917.80844747147,32.86823538287978,43999.91720430579,0,B2,0.02945458584857682,0,0,3,7,1,0,3,0.2,0,0,1
Rakhine,MMR012,Gwa,MMR012017,68340.06432105285,29.13672193078188,11999.988705708112,0,B2,0.01098589721425026,0,0,1,4,0,0,3,0.2,0,0,1
Sagaing,MMR005,Hkamti,MMR005033,50052.78736458388,5.819129158021152,7653,764.6930044427131,B2,0.03182944742747642,4,2,2,4,1,8,5,0.3333333333333333,0,0,1
Sagaing,MMR005,Homalin,MMR005034,271180.7044831875,24.204882557349205,41464,4145.647058499893,B2,0.0652842111429552,9,4,2,6,8,16,5,0.3333333333333333,0,0,1
Sagaing,MMR005,Kale,MMR005027,366088.59478020685,149.15697249124554,56195,5620.500044487943,A2,0.6108640843380558,51,44,8,93,42,537,2,0.13333333333333333,0,0,1
Sagaing,MMR005,Kalewa,MMR005028,59267.67586886143,23.858790851051495,9062,905.7972813338224,B2,0.02208533919153952,2,2,0,4,0,30,4,0.26666666666666666,0,0,1
Sagaing,MMR005,Mingin,MMR005029,109607.18132800513,26.317487207013436,16759,1676.1062042242897,A2,0.26515448289092003,34,7,0,31,26,274,5,0.3333333333333333,0,0,1
Sagaing,MMR005,Kanbalu,MMR005007,310412.7719640728,72.60473166507512,47462,4745.788726074859,A2,0.09207634226751396,7,12,1,17,12,16,3,0.2,0,0,1
Sagaing,MMR005,Kyunhla,MMR005008,109317.31248515345,37.698692191656534,16715,1670.5384196395844,B2,0.05844291866717362,2,3,0,8,7,64,1,0.06666666666666667,0,0,1
Sagaing,MMR005,Katha,MMR005020,176162.5379959527,74.3807331231189,26935,2694.4748777349478,A2,0.18100745284833591,30,10,0,21,1,250,8,0.5333333333333333,0,0,1
Sagaing,MMR005,Indaw,MMR005021,126309.298023187,63.55085564889721,19313,1930.7308707400512,B2,0.03534677602057302,3,5,2,2,1,15,1,0.06666666666666667,0,0,1
Sagaing,MMR005,Tigyaing,MMR005022,136485.16475648366,70.86822584231655,20869,2087.141840512734,A2,0.18190106845576132,12,22,0,13,8,252,6,0.4,0,0,1
Sagaing,MMR005,Banmauk,MMR005023,118329.50284932094,33.100691919060225,18093,1808.7419382527698,B2,0,NA,NA,NA,NA,NA,NA,2,0.13333333333333333,0,0,1
Sagaing,MMR005,Kawlin,MMR005024,152598.09152108652,76.80909328607324,23332,2332.7752023051985,A2,0.1947363908409376,12,12,3,14,9,270,1,0.06666666666666667,0,0,1
Sagaing,MMR005,Wuntho,MMR005025,77083.05696050264,55.39178806853248,11786,1179.4001948683065,B2,0.00911615600527812,0,2,0,1,1,6,1,0.06666666666666667,0,0,1
Sagaing,MMR005,Pinlebu,MMR005026,117594.32824788554,34.04905328429442,17980,1797.98272125588,A2,0.08020867923339095,12,3,1,3,4,102,1,0.06666666666666667,0,0,1
Sagaing,MMR005,Mawlaik,MMR005031,53892.49928293797,14.542764417187065,8240,823.9836862868669,B2,0.0016082352688958,0,1,0,0,0,0,4,0.26666666666666666,0,0,1
Sagaing,MMR005,Paungbyin,MMR005032,118356.80933451711,27.046872823936344,18097,1810.3244434214587,B2,0.00119772018997599,0,0,0,1,0,0,4,0.26666666666666666,0,0,1
Sagaing,MMR005,Monywa,MMR005012,390792.56188729784,552.1899031367298,59752,5974.781736716537,A1,0.4491456393528521,24,60,13,51,48,151,4,0.26666666666666666,0,0,1
Sagaing,MMR005,Budalin,MMR005013,129746.76440961284,114.82586328131593,19838,1984.171987084778,A2,0.091309929712035,4,20,0,13,12,21,1,0.06666666666666667,0,0,1
Sagaing,MMR005,Ayadaw,MMR005014,163596.30355856032,125.1034623408934,25014,2500.6125786130374,A2,0.1349437904498207,11,25,0,20,11,73,1,0.06666666666666667,0,0,1
Sagaing,MMR005,Chaung-U,MMR005015,111279.17842155536,214.02723829081813,17015,1700.5414855629747,A2,0.09499665825414018,7,12,1,11,7,77,1,0.06666666666666667,0,0,1
Sagaing,MMR005,Lay Shi,MMR005035,11018.166776655535,3.7563948873947974,1685,167.533528801838,B2,0,NA,NA,NA,NA,NA,NA,2,0.13333333333333333,1120,1,0
Sagaing,MMR005,Lahe,MMR005036,57088.40830032074,13.75816972550946,8729,873.1182531040208,B2,0,NA,NA,NA,NA,NA,NA,1,0.06666666666666667,621,1,0
Sagaing,MMR005,Nanyun,MMR005037,54591.96540373222,7.860094844112942,8347,835.288948932148,B2,0.00371428876421522,1,0,0,0,0,6,1,0.06666666666666667,3623,1,0
Sagaing,MMR005,Sagaing,MMR005001,322630.3235904986,242.40491576393907,49330,4932.98235236441,A2,0.13037574851322362,7,20,4,26,7,39,6,0.4,0,0,1
Sagaing,MMR005,Myinmu,MMR005002,112361.98558452666,138.3917893943758,17180,1717.9852405393876,B2,0.06252946923152464,5,12,2,2,1,50,4,0.26666666666666666,0,0,1
Sagaing,MMR005,Myaung,MMR005003,111758.09216191898,256.99515578660936,29794,2979.5686885229857,A2,0.2258076683618385,20,26,0,25,15,235,4,0.26666666666666666,4106,1,0
Sagaing,MMR005,Shwebo,MMR005004,280213.89983596734,251.86678449151302,42845,4283.529523182369,A2,0.23132166863818684,5,14,13,32,25,55,3,0.2,2857,2,0
Sagaing,MMR005,Khin-U,MMR005005,153816.38086060813,140.02459584529151,23519,2352.1475458965847,A2,0.3188169551971124,30,23,2,43,43,179,4,0.26666666666666666,2691,2,0
Sagaing,MMR005,Wetlet,MMR005006,206075.74227892887,148.7859548277784,31509,3151.101903850658,A2,0.15183640037891,10,15,1,32,16,77,1,0.06666666666666667,1982,2,0
Sagaing,MMR005,Ye-U,MMR005009,124234.00514827788,84.37847746498842,18995,1900.462173678917,A2,0.14105478770191193,7,19,0,24,15,92,2,0.13333333333333333,0,0,1
Sagaing,MMR005,Tabayin,MMR005010,147890.87357303873,101.87334975720466,22613,2260.74857103089,A2,0.30423228699967503,21,33,1,52,17,295,1,0.06666666666666667,2228,1,0
Sagaing,MMR005,Taze,MMR005011,173406.68349000052,88.92045123042956,26514,2650.611866272992,A2,0.27134840554634115,9,44,1,31,36,147,1,0.06666666666666667,1327,1,0
Sagaing,MMR005,Tamu,MMR005030,120641.10184611999,58.5932761175695,18446,1845.3976384542723,A2,0.11955712852827154,13,4,2,7,10,130,1,0.06666666666666667,0,0,1
Sagaing,MMR005,Yinmarbin,MMR005016,148589.28944440238,148.66437710773724,22719,2272.0697665373496,A2,0.35264904944957803,40,30,5,37,22,310,3,0.2,1932,1,0
Sagaing,MMR005,Kani,MMR005017,141301.6086453162,39.96718505964572,24570,2457.013403886237,A2,0.41402168615969503,58,33,0,57,29,362,3,0.2,4904,1,0
Sagaing,MMR005,Salingyi,MMR005018,127928.78264520611,175.19663257820918,19560,1955.9689138488495,B2,0.07643692635239269,2,17,0,1,9,61,4,0.26666666666666666,0,0,1
Sagaing,MMR005,Pale,MMR005019,151242.21950615357,90.40638901450686,23125,2311.5065690822457,A2,0.3185781811688067,39,41,0,17,16,363,1,0.06666666666666667,4594,1,0
Shan (East),MMR222,Kengtung,MMR016001,190678.07106639686,48.98840913441928,70170,25000,B2,0.01169841463522687,0,0,0,5,2,2,1,0.06666666666666667,0,0,1
Shan (East),MMR222,Mongkhet,MMR016002,49472.748796437016,17.730963002369684,7000.010935993042,0,B2,0,NA,NA,NA,NA,NA,NA,1,0.06666666666666667,0,0,1
Shan (East),MMR222,Mongyang,MMR016003,119598.77030615482,39.583818483493054,44012,10000,B2,0,NA,NA,NA,NA,NA,NA,1,0.06666666666666667,0,0,1
Shan (East),MMR222,Mongla,MMR016005,47850.61860323728,22.129306798328585,6999.989010072383,0,B2,0,NA,NA,NA,NA,NA,NA,NA,0,0,0,1
Shan (East),MMR222,Mongping,MMR016007,76476.77232090256,11.41997501629829,10999.823250005875,0,B2,0.00482470580668741,0,3,0,0,0,0,1,0.06666666666666667,0,0,1
Shan (East),MMR222,Monghsat,MMR016006,116270.07026586277,22.67812807972003,42787,10000,B2,0.00119772018997599,0,0,0,1,0,0,NA,0,0,0,1
Shan (East),MMR222,Mongton,MMR016008,77872.24870628536,13.559330774850203,11500.005006632337,0,B2,0,NA,NA,NA,NA,NA,NA,1,0.06666666666666667,0,0,1
Shan (East),MMR222,Tachileik,MMR016009,197003.26777179833,45.26340302107024,72497,25000,B2,0.02776016472479763,1,4,1,9,1,1,2,0.13333333333333333,0,0,1
Shan (East),MMR222,Monghpyak,MMR016010,33949.185057131006,14.892087579548916,4499.891905693609,0,B2,0.00239544037995199,0,0,0,2,0,0,1,0.06666666666666667,0,0,1
Shan (East),MMR222,Mongyawng,MMR016011,88761.63091419675,17.389278875754453,12999.88849307263,0,B2,0.00482470580668741,0,3,0,0,0,0,1,0.06666666666666667,0,0,1
Shan (North),MMR222,Pangwaun,MMR015007,107879.43518432547,65.05700158555173,21000.19458355443,0,B2,0,NA,NA,NA,NA,NA,NA,NA,0,0,0,1
Shan (North),MMR222,Mongmao,MMR015008,78532.21126434059,39.45514971526959,14000.070850397218,0,B2,0,NA,NA,NA,NA,NA,NA,NA,0,0,0,1
Shan (North),MMR222,Hopang,MMR015021,67885.03753733159,45.85766699053214,11000.134820677367,0,B2,0,NA,NA,NA,NA,NA,NA,1,0.06666666666666667,0,0,1
Shan (North),MMR222,Laukkaing,MMR015022,105382.9101541064,123.2676601700367,14000.031636486985,0,B2,0.00400367564884779,0,1,0,2,0,0,1,0.06666666666666667,2434,3,1
Shan (North),MMR222,Konkyan,MMR015023,66731.76963285124,55.94530538811965,20999.750961023416,0,B2,0.00408370045118264,1,0,0,0,0,7,NA,0,7197,2,1
Shan (North),MMR222,Kyaukme,MMR015012,191221.37357631102,43.895629640204945,73689,18421.81763278474,A2,0.27208753493746207,54,23,9,25,24,24,1,0.06666666666666667,4372,2,1
Shan (North),MMR222,Nawnghkio,MMR015013,166481.66603385995,45.80170687857262,61265,15315.686731292519,B2,0.03951522112938582,2,1,4,4,2,1,1,0.06666666666666667,718,1,0
Shan (North),MMR222,Hsipaw,MMR015014,195720.0072422465,33.553617765477064,72220,18055.779324188505,A2,0.13892406381697212,21,8,4,15,17,26,2,0.13333333333333333,1531,1,1
Shan (North),MMR222,Namtu,MMR015015,56022.37721350035,31.17777872906858,21014,5254.243307624785,A2,0.1112818382815668,30,11,1,17,8,6,1,0.06666666666666667,13241,3,1
Shan (North),MMR222,Lashio,MMR015001,359318.5035149055,84.25130797408127,132229,40000,A2,0.21486220402348732,20,21,14,25,10,26,2,0.13333333333333333,29963,1,1
Shan (North),MMR222,Hseni,MMR015002,62954.206169235404,31.59819533800353,23336,5834.027032555601,A2,0.08359282671948852,25,5,0,4,3,70,2,0.13333333333333333,886,3,0
Shan (North),MMR222,Mongyai,MMR015003,65969.59065166286,24.727328758148214,24277,6068.79766679279,B2,0.024890690842626,0,5,0,1,6,2,1,0.06666666666666667,0,0,1
Shan (North),MMR222,Tangyan,MMR015004,191994.66303827474,35.808262212332224,70654,17664.491014127285,B2,0.01928605827005136,0,1,0,2,6,1,2,0.13333333333333333,0,0,1
Shan (North),MMR222,Kunlong,MMR015020,65300.739708987356,67.63529407648932,24031,6008.331965114499,B2,0.00909732848094947,5,1,0,0,0,0,1,0.06666666666666667,0,0,1
Shan (North),MMR222,Pangsang (Panghkam),MMR015005,117739.98687244033,33.62857259718577,43328,10831.921208308622,B2,0.00149781864241073,1,0,0,0,0,0,NA,0,0,0,1
Shan (North),MMR222,Narphan,MMR015006,129081.56564790812,69.26168231440157,47502,11876.495981105403,B2,0,NA,NA,NA,NA,NA,NA,NA,0,0,0,1
Shan (North),MMR222,Matman,MMR015024,21923.200665902245,6.627126783529551,8068,2017.0655408666244,B2,0,NA,NA,NA,NA,NA,NA,1,0.06666666666666667,0,0,1
Shan (North),MMR222,Mongmit,MMR015017,70362.67475023259,23.424224115528165,25893,6472.633943680719,B2,0.01265788130594187,0,1,0,3,3,0,2,0.13333333333333333,0,0,1
Shan (North),MMR222,Mabein,MMR015018,52661.4567789598,9.414801699661668,19379,4845.1459807339925,B2,0.00239544037995199,0,0,0,2,0,0,1,0.06666666666666667,0,0,1
Shan (North),MMR222,Muse,MMR015009,190888.05915305082,96.75110953001968,71329,17832.644545071726,A2,0.5957044863219239,153,42,12,47,23,301,1,0.06666666666666667,200,1,1
Shan (North),MMR222,Namhkan,MMR015010,118919.91993078153,68.50773607779477,32000.474803373254,0,A2,0.09089691208319713,7,11,4,4,12,9,1,0.06666666666666667,1376,2,1
Shan (North),MMR222,Kutkai,MMR015011,194046.7688374802,42.892408878373764,74366,18591.573253793504,A2,0.2621812052397704,86,9,9,9,12,61,NA,0,3859,3,1
Shan (North),MMR222,Namhsan,MMR015016,80222.11539026989,48.05811719884955,18000.159464011853,0,B2,0.05350996952428819,9,5,1,6,6,10,1,0.06666666666666667,200,1,1
Shan (North),MMR222,Manton,MMR015019,42887.56684089259,15.360555021503233,11999.434659827964,0,B2,0.0263114602063575,5,5,0,0,3,9,1,0.06666666666666667,243,1,1
Shan (South),MMR222,Pindaya,MMR014006,88109.44569268427,126.07289806933954,32424,150,B2,0.00739273664432227,0,0,1,1,0,0,1,0.06666666666666667,2260,1,1
Shan (South),MMR222,Ywangan,MMR014007,91697.01993504175,27.654683557178455,33745,150,B2,0.01749828309632778,0,0,0,3,5,4,NA,0,2586,1,1
Shan (South),MMR222,Langkho,MMR014018,44787.45905347584,7.768275753898176,12500.163110611034,0,B2,0,NA,NA,NA,NA,NA,NA,1,0.06666666666666667,0,0,1
Shan (South),MMR222,Mongnai,MMR014019,43815.29198563354,12.275945958987899,16124,50,B2,0.00149781864241073,1,0,0,0,0,0,NA,0,49,1,0
Shan (South),MMR222,Mawkmai,MMR014020,37564.53550142687,13.8479310991775,6000.108914943583,0,B2,0,NA,NA,NA,NA,NA,NA,NA,0,0,0,1
Shan (South),MMR222,Mongpan,MMR014021,28805.03245814827,9.593223632566815,10600,50,B2,0.00608151930158693,2,1,0,0,0,4,NA,0,8,1,0
Shan (South),MMR222,Loilen,MMR014011,138388.81539341103,94.13509231163087,50927,50,B2,0.01639370855754034,0,1,2,2,0,0,NA,0,116,1,0
Shan (South),MMR222,Laihka,MMR014012,54253.588674066115,17.460796100391317,19965,50,B2,0,NA,NA,NA,NA,NA,NA,NA,0,4,1,0
Shan (South),MMR222,Nansang,MMR014013,129949.29419646223,31.867204423661082,47821,1000,B2,0.01069267020047317,4,0,0,3,0,3,NA,0,839,2,0
Shan (South),MMR222,Kunhing,MMR014014,59333.30048455188,19.452081840493666,21835,50,B2,0.00368321534568202,0,0,0,1,1,0,NA,0,0,0,1
Shan (South),MMR222,Kyethi,MMR014015,82621.9792377435,19.881008877879545,31215,5000,B2,0.04241607668119009,23,1,0,5,0,1,NA,0,0,0,1
Shan (South),MMR222,Mongkaing,MMR014016,82544.20587231612,19.659844762891293,32294,50,B2,0.0496888923058023,10,4,0,12,5,4,NA,0,0,0,1
Shan (South),MMR222,Monghsu,MMR014017,80830.96973675858,44.37901513901442,29746,50,B2,0.00865420565709407,0,0,0,1,3,0,1,0.06666666666666667,0,0,1
Shan (South),MMR222,Hopong,MMR014003,124824.02941479757,38.44948373660422,45935,50,B2,0.00479088075990398,0,0,0,4,0,0,NA,0,870,1,1
Shan (South),MMR222,Hsihseng,MMR014004,170025.90940119364,73.98135846885398,63075,50,B2,0.00759683621877579,0,1,0,5,0,0,1,0.06666666666666667,1194,2,0
Shan (South),MMR222,Pinlaung,MMR014009,213606.77024246746,56.59672251540324,78645,50,B2,0.02225484912294812,3,1,0,3,0,34,1,0.06666666666666667,2364,1,1
Shan (South),MMR222,Taunggyi,MMR014001,486701.276652264,218.26467229458154,179129,200,A2,0.23209219116725455,0,18,17,48,14,15,2,0.13333333333333333,1053,2,0
Shan (South),MMR222,Nyaungshwe,MMR014002,210440.28322149537,128.2013467028146,77442,20,B2,0.0194348266602386,0,0,0,4,5,6,1,0.06666666666666667,0,0,1
Shan (South),MMR222,Kalaw,MMR014005,206747.15941177213,127.74949869727759,76083,100,B2,0.06786535270217313,1,3,4,16,5,14,1,0.06666666666666667,601,2,0
Shan (South),MMR222,Lawksawk,MMR014008,183022.9498121872,32.01338931688777,67352,20,B2,0.00695820954171687,2,0,0,3,0,1,1,0.06666666666666667,0,0,1
Shan (South),MMR222,Pekon,MMR014010,115093.4703517542,49.95869659285383,48656,150,A2,0.2644808085644133,42,20,2,26,23,186,1,0.06666666666666667,3567,3,0
Tanintharyi,MMR006,Dawei,MMR006001,156104.6855057658,21.53612319640456,37777,5667.399944364489,A2,0.2405108966767509,11,7,18,35,16,53,NA,0,50,1,0
Tanintharyi,MMR006,Launglon,MMR006002,125675.93475263125,145.13695021354297,30414,4561.96356877042,A2,0.10514862958759633,4,4,2,24,16,32,2,0.13333333333333333,0,0,1
Tanintharyi,MMR006,Thayetchaung,MMR006003,112233.83467999121,50.509487838818686,27161,4073.911803025714,B2,0.0599174150558596,7,1,0,12,9,30,1,0.06666666666666667,4097,1,0
Tanintharyi,MMR006,Yebyu,MMR006004,130260.37599431549,30.27240444962558,31675,4750.808359136868,B2,0.06348381038453674,1,5,2,14,7,20,1,0.06666666666666667,0,0,1
Tanintharyi,MMR006,Kawthoung,MMR006009,148728.7911632599,55.45075487476594,35992,5399.144884661607,B2,0.04348640098100072,0,0,4,6,3,11,2,0.13333333333333333,184,1,0
Tanintharyi,MMR006,Bokpyin,MMR006010,86800.59531694955,12.295223516943269,21006,3151.1383960730022,B2,0,NA,NA,NA,NA,NA,NA,NA,0,0,0,1
Tanintharyi,MMR006,Myeik,MMR006005,302183.2957380707,233.98489379872564,73128,10968.746370572688,A2,0.08941572553437045,0,4,7,16,6,15,2,0.13333333333333333,0,0,1
Tanintharyi,MMR006,Kyunsu,MMR006006,182435.48113600473,54.784275357139016,44149,6621.592059895221,B2,0.00488093553565802,0,0,0,2,1,0,NA,0,0,0,1
Tanintharyi,MMR006,Palaw,MMR006007,138077.08199467565,54.111723121895075,33964,5095.369450381044,A2,0.08269480799721265,14,4,0,8,12,43,2,0.13333333333333333,145,1,0
Tanintharyi,MMR006,Tanintharyi,MMR006008,113498.91102819465,9.410820313834414,27467,4119.989529703143,B2,0.0316187967608238,3,3,0,3,5,17,4,0.26666666666666666,0,0,1
Yangon,MMR013,Thingangyun,MMR013009,243788.8109873174,15966.138700133255,68261.25,68261.13292380996,A1,0.12858644755105322,1,25,8,14,5,22,2,0.13333333333333333,0,0,1
Yangon,MMR013,Yankin,MMR013010,82563.23088085231,14807.667801328658,23117.5,23118.295357134808,B1,0.05615399371149798,0,10,4,8,2,2,2,0.13333333333333333,0,0,1
Yangon,MMR013,South Okkalapa,MMR013011,187509.9813789108,19606.87546613909,52502.5,52503.20521470707,A1,0.11352282098197888,0,20,9,8,6,3,2,0.13333333333333333,0,0,1
Yangon,MMR013,North Okkalapa,MMR013012,387868.8990213952,12008.243092949193,108603.75,108602.70827479297,A1,0.12086452585947202,3,13,9,8,9,21,3,0.2,255380,7,0
Yangon,MMR013,Thaketa,MMR013013,256671.4959286959,16400.60840215547,71867.5,71867.9811399701,A1,0.21145178611651855,4,21,19,14,12,20,2,0.13333333333333333,0,0,1
Yangon,MMR013,Dawbon,MMR013014,87659.28122938855,24206.405876989902,24545,24545.401262330946,B1,0.04693046426271741,0,6,3,4,5,4,2,0.13333333333333333,0,0,1
Yangon,MMR013,Tamwe,MMR013015,192382.59220542855,33161.13445106529,53867.5,53866.87418277388,A1,0.22726777214456867,1,16,26,20,5,7,2,0.13333333333333333,0,0,1
Yangon,MMR013,Pazundaung,MMR013016,56389.38562190537,45393.41719137697,15788.75,15788.972025916059,B1,0.03208067250459678,0,6,2,6,1,1,2,0.13333333333333333,0,0,1
Yangon,MMR013,Botahtaung,MMR013017,47707.829193478705,15756.250061399674,13358.75,13357.807828590627,B1,0.0337426266228692,1,6,1,5,3,8,2,0.13333333333333333,0,0,1
Yangon,MMR013,Dagon Myothit (South),MMR013018,432502.10729209863,9908.877831721176,121100,121101.40995960019,A1,0.17419418075540027,6,19,10,13,16,47,2,0.13333333333333333,2770,1,1
Yangon,MMR013,Dagon Myothit (North),MMR013019,237343.97727409672,8435.84069391932,66456.25,66455.6863647331,A1,0.12552662038942947,0,16,9,17,7,17,2,0.13333333333333333,0,0,1
Yangon,MMR013,Dagon Myothit (East),MMR013020,192749.1726712401,1207.5130147162602,53970,53970.23165304706,B1,0.01837017887675135,0,3,0,5,2,7,4,0.26666666666666666,0,0,1
Yangon,MMR013,Dagon Myothit (Seikkan),MMR013021,194867.1931403737,2171.3253824889853,54562.5,54563.18592132887,B1,0.07033961244247172,0,10,4,4,8,13,3,0.2,276430,2,0
Yangon,MMR013,Mingalartaungnyunt,MMR013022,154189.56265790385,26807.04815179339,43172.5,43172.9224559262,A1,0.09963237874519962,0,9,10,3,7,6,3,0.2,0,0,1
Yangon,MMR013,Insein,MMR013001,355272.33125192724,10217.535787258495,99476.25,99475.74725010256,A1,0.2176007824223431,0,23,19,12,17,17,2,0.13333333333333333,0,0,1
Yangon,MMR013,Mingaladon,MMR013002,385882.3820209496,2577.889692971146,108047.5,108046.93303417561,A1,0.07926336877866734,4,14,0,20,9,12,3,0.2,0,0,1
Yangon,MMR013,Hmawbi,MMR013003,284660.787304043,519.1861957541133,79705,79704.9795548732,B1,0.01770571429487205,0,7,0,3,1,1,2,0.13333333333333333,5961,1,1
Yangon,MMR013,Hlegu,MMR013004,315074.1647437887,179.28045080657554,88221.25,88221.23387235914,B2,0.05404800946482061,2,5,0,13,10,7,1,0.06666666666666667,27837,1,1
Yangon,MMR013,Taikkyi,MMR013005,322669.94474490674,157.1748419169966,90347.5,90348.4154733367,B2,0.03299685380178947,1,3,2,5,2,9,3,0.2,6266,1,1
Yangon,MMR013,Htantabin,MMR013006,169665.07705270514,242.87047098109048,47506.25,47505.77842627601,B2,0.00546096054598642,1,0,0,0,1,4,2,0.13333333333333333,0,0,1
Yangon,MMR013,Shwepyithar,MMR013007,399777.52729647426,6140.512958059941,111937.5,111938.2923577508,A1,0.10243508238606266,0,17,5,10,11,13,4,0.26666666666666666,380550,4,0
Yangon,MMR013,Hlaingtharya,MMR013008,800503.5088140167,8241.385927326728,227976.27210950773,227976,A1,0.2317000426221071,7,42,7,20,23,79,NA,0,772658,5,0
Yangon,MMR013,Thanlyin,MMR013023,311957.6489106349,745.4886795129743,87348.75,87347.8583052521,A1,0.07736806255515173,5,11,2,9,9,18,3,0.2,11963,1,1
Yangon,MMR013,Kyauktan,MMR013024,194867.1931403737,208.75261034426435,54562.5,54563.18592132887,B2,0.00570981368534688,0,0,0,0,2,2,4,0.26666666666666666,0,0,1
Yangon,MMR013,Thongwa,MMR013025,183727.80196974368,218.78462530907024,51443.75,51444.21544937408,B2,0.01644091365800949,0,1,0,7,2,4,4,0.26666666666666666,0,0,1
Yangon,MMR013,Kayan,MMR013026,183894.21786374706,248.2889913187015,51490,51489.61900097004,B2,0.03451423734876934,3,4,0,5,5,14,3,0.2,0,0,1
Yangon,MMR013,Twantay,MMR013027,263979.8302947172,314.1724258500356,73913.75,73913.64751916009,B2,0.04946270681991501,3,4,1,12,5,15,3,0.2,0,0,1
Yangon,MMR013,Kawhmu,MMR013028,138544.1411265676,193.57152961981802,38792.50000000001,38791.640487892946,B2,0.03266499693236233,4,1,0,5,5,18,3,0.2,0,0,1
Yangon,MMR013,Kungyangon,MMR013029,129911.46209358246,187.32274535666065,36375,36374.7906150022,B2,0.03783782523885565,1,2,2,2,5,16,3,0.2,0,0,1
Yangon,MMR013,Dala,MMR013030,201161.9034247383,752.9539111608455,56325,56324.6670430415,B1,0.02302436940711244,0,3,2,3,0,6,3,0.2,271760,4,0
Yangon,MMR013,Seikgyikanaungto,MMR013031,39570.90659997209,2809.957107476298,11080,11080.146153935677,B1,0.008890555286733,1,0,1,1,0,0,2,0.13333333333333333,0,0,1
Yangon,MMR013,Cocokyun,MMR013032,2257.670170395138,58.509558174434844,632.5,631.8523867747328,B2,0,NA,NA,NA,NA,NA,NA,NA,0,0,0,1
Yangon,MMR013,Kyauktada,MMR013033,34741.35443134332,42503.929635908185,9727.5,9728.420777423498,A1,0.16345983405390235,2,9,11,45,8,11,2,0.13333333333333333,0,0,1
Yangon,MMR013,Pabedan,MMR013034,38794.68701045995,53930.19801591035,10862.5,10863.487658962093,B1,0.00566086230154524,0,1,0,1,1,1,2,0.13333333333333333,0,0,1
Yangon,MMR013,Lanmadaw,MMR013035,54882.332595791086,35986.57603000912,15367.5,15366.946873362167,B1,0.03336116912515784,0,8,2,2,2,2,2,0.13333333333333333,0,0,1
Yangon,MMR013,Latha,MMR013036,29160.02137092318,41462.9237863362,8165,8165.194020751816,B1,0.01214275476093009,0,4,0,0,2,2,2,0.13333333333333333,0,0,1
Yangon,MMR013,Ahlone,MMR013037,64567.03937827991,16417.897215766207,18078.75,18079.228976981663,B1,0.03328490644348025,1,5,3,1,1,4,2,0.13333333333333333,0,0,1
Yangon,MMR013,Kyeemyindaing,MMR013038,129774.13988734195,25023.19379775559,36336.25,36337.24083314043,B1,0.069829290706326555,1,12,5,4,4,9,2,0.13333333333333333,0,0,1
Yangon,MMR013,Sanchaung,MMR013039,115931.36324979032,41437.975050589426,32461.25,32461.218291526653,A1,0.19656340184603951,3,18,19,20,7,11,2,0.13333333333333333,0,0,1
Yangon,MMR013,Hlaing,MMR013040,186556.8721678007,15756.03592309973,52236.25,52236.07579312577,A1,0.18856873546268987,3,24,13,16,15,23,2,0.13333333333333333,0,0,1
Yangon,MMR013,Kamaryut,MMR013041,98416.9632165703,13067.089599074148,27556.25,27557.2503016338,A1,0.10879212702128396,1,12,9,15,5,5,2,0.13333333333333333,0,0,1
Yangon,MMR013,Mayangone,MMR013042,230553.5105502536,7331.481312017441,64555,64555.017045933484,A1,0.10822097914605744,2,22,5,11,9,9,3,0.2,0,0,1
Yangon,MMR013,Dagon,MMR013043,29189.115058686,5123.846281563125,8172.5,8173.04778384729,B1,0.01382567771990548,0,4,1,1,0,0,2,0.13333333333333333,0,0,1
Yangon,MMR013,Bahan,MMR013044,112571.62418693941,11413.415339108513,31520,31519.94522775214,B1,0.06829674847242807,0,14,4,8,4,4,2,0.13333333333333333,0,0,1
Yangon,MMR013,Seikkan,MMR013045,3288.7504647096184,2408.6261431278886,921.25,921.1498942728779,B1,0,NA,NA,NA,NA,NA,NA,NA,0,0,0,1
