state,admin1_pcode,township,admin3_pcode,total_population_2021proj,conflict_ranking,flood_ranking,vul_ranking,food_security_pin_2022,food_security_target_2022,beneficiaries_2022,"crop, vegetable and seed kits",food distribution,multi-purpose cash transfer,food_cash for work_assets,IGA and small grants,vocational training,livestock kits,FFS and farmer training
Ayeyarwady,MMR017,Hinthada,MMR017008,338333.0329836413,209,5,201,102515,13327.061831061234,0,NA,NA,NA,NA,NA,NA,NA,NA
Ayeyarwady,MMR017,Zalun,MMR017009,168152.32215033146,245,6,142,50950,6624.480065287993,0,NA,NA,NA,NA,NA,NA,NA,NA
Ayeyarwady,MMR017,Lemyethna,MMR017010,102992.95991876331,302,7,160,31207,4057.107311638337,0,NA,NA,NA,NA,NA,NA,NA,NA
Ayeyarwady,MMR017,Myanaung,MMR017011,218515.143772356,169,5,168,66210,8606.688498081088,0,NA,NA,NA,NA,NA,NA,NA,NA
Ayeyarwady,MMR017,Kyangin,MMR017012,96054.05117132452,251,8,233,29104,3784.430973441061,0,NA,NA,NA,NA,NA,NA,NA,NA
Ayeyarwady,MMR017,Ingapu,MMR017013,214319.40828568256,212,5,189,64939,8441.9585078309,0,NA,NA,NA,NA,NA,NA,NA,NA
Ayeyarwady,MMR017,Labutta,MMR017016,315123.0280291265,214,7,39,95482,12413.303933374356,0,NA,NA,NA,NA,NA,NA,NA,NA
Ayeyarwady,MMR017,Mawlamyinegyun,MMR017018,311246.19643100415,193,8,60,94308,12260.01232259513,0,NA,NA,NA,NA,NA,NA,NA,NA
Ayeyarwady,MMR017,Maubin,MMR017019,313998.3669801612,121,6,94,95142,12367.604337309436,0,NA,NA,NA,NA,NA,NA,NA,NA
Ayeyarwady,MMR017,Pantanaw,MMR017020,264516.27992181526,242,6,84,80148,10418.703742303838,0,NA,NA,NA,NA,NA,NA,NA,NA
Ayeyarwady,MMR017,Nyaungdon,MMR017021,215840.9497225939,194,6,115,65400,8502.024990500482,0,NA,NA,NA,NA,NA,NA,NA,NA
Ayeyarwady,MMR017,Danubyu,MMR017022,179298.96276896607,231,6,186,54328,7063.413880781774,0,NA,NA,NA,NA,NA,NA,NA,NA
Ayeyarwady,MMR017,Myaungmya,MMR017014,298547.0237154422,164,8,81,90460,11760.23274045477,0,NA,NA,NA,NA,NA,NA,NA,NA
Ayeyarwady,MMR017,Einme,MMR017015,194042.51934686952,259,8,65,58795,7642.66517759526,0,NA,NA,NA,NA,NA,NA,NA,NA
Ayeyarwady,MMR017,Wakema,MMR017017,289018.8953086076,208,8,46,87573,11383.545731921822,0,NA,NA,NA,NA,NA,NA,NA,NA
Ayeyarwady,MMR017,Pathein,MMR017001,380870.2131022873,41,6,256,115404,15001.522321111168,0,NA,NA,NA,NA,NA,NA,NA,NA
Ayeyarwady,MMR017,Kangyidaunt,MMR017002,177936.37342697513,203,6,112,53915,7009.08625177284,0,NA,NA,NA,NA,NA,NA,NA,NA
Ayeyarwady,MMR017,Thabaung,MMR017003,154353.48085355895,288,6,97,46769,6080.016389222492,0,NA,NA,NA,NA,NA,NA,NA,NA
Ayeyarwady,MMR017,Ngapudaw,MMR017004,324381.2377842096,220,7,111,98288,12776.623054800893,0,NA,NA,NA,NA,NA,NA,NA,NA
Ayeyarwady,MMR017,Kyonpyaw,MMR017005,235655.97785729854,201,7,151,71404,9281.51105795806,0,NA,NA,NA,NA,NA,NA,NA,NA
Ayeyarwady,MMR017,Yegyi,MMR017006,194041.51964815924,191,5,196,58795,7642.704552480257,0,NA,NA,NA,NA,NA,NA,NA,NA
Ayeyarwady,MMR017,Kyaunggon,MMR017007,162985.87921606208,263,6,144,49385,6419.986217708902,0,NA,NA,NA,NA,NA,NA,NA,NA
Ayeyarwady,MMR017,Pyapon,MMR017023,314027.3582427568,154,6,83,95150,12370.462376100239,0,NA,NA,NA,NA,NA,NA,NA,NA
Ayeyarwady,MMR017,Bogale,MMR017024,322567.78432392236,200,7,52,97738,12706.054975718567,0,NA,NA,NA,NA,NA,NA,NA,NA
Ayeyarwady,MMR017,Kyaiklat,MMR017025,193281.7486284138,221,8,79,58564,7612.631939322028,0,NA,NA,NA,NA,NA,NA,NA,NA
Ayeyarwady,MMR017,Dedaye,MMR017026,202864.86046430896,258,7,77,61468,7991.1531492459535,0,NA,NA,NA,NA,NA,NA,NA,NA
Bago (East),MMR111,Bago,MMR007001,498305.6738756886,56,6,279,117102,17564.725000187475,0,NA,NA,NA,NA,NA,NA,NA,NA
Bago (East),MMR111,Thanatpin,MMR007002,147318.53400533367,310,7,141,34620,3462.014450934979,0,NA,NA,NA,NA,NA,NA,NA,NA
Bago (East),MMR111,Kawa,MMR007003,200122.70765377962,256,7,170,47029,7053.674570218364,0,NA,NA,NA,NA,NA,NA,NA,NA
Bago (East),MMR111,Waw,MMR007004,178475.18666098692,228,6,188,41942,4193.833120107248,0,NA,NA,NA,NA,NA,NA,NA,NA
Bago (East),MMR111,Nyaunglebin,MMR007005,202272.3514078065,162,5,259,47534,4752.599775620112,0,NA,NA,NA,NA,NA,NA,NA,NA
Bago (East),MMR111,Kyauktaga,MMR007006,254724.6729889659,168,7,235,59860,8978.955277361709,0,NA,NA,NA,NA,NA,NA,NA,NA
Bago (East),MMR111,Daik-U,MMR007007,205361.95731276876,210,7,247,48260,7238.99100473608,0,NA,NA,NA,NA,NA,NA,NA,NA
Bago (East),MMR111,Shwegyin,MMR007008,108964.63070530172,275,5,217,25607,2561.331221257637,8774,0,0,8774,0,0,0,0,0
Bago (East),MMR111,Taungoo,MMR007009,265720.30358739407,145,7,283,62444,6243.572894913285,0,NA,NA,NA,NA,NA,NA,NA,NA
Bago (East),MMR111,Yedashe,MMR007010,216579.6501669196,218,8,226,50896,5090.3782491838365,0,NA,NA,NA,NA,NA,NA,NA,NA
Bago (East),MMR111,Kyaukkyi,MMR007011,114913.6683962809,150,5,146,28928,8000,57,0,0,0,0,0,57,0,0
Bago (East),MMR111,Phyu,MMR007012,260870.42336309663,187,7,225,61305,6129.545084729588,0,NA,NA,NA,NA,NA,NA,NA,NA
Bago (East),MMR111,Oktwin,MMR007013,162062.85939557207,297,7,208,38085,3807.522863995888,0,NA,NA,NA,NA,NA,NA,NA,NA
Bago (East),MMR111,Htantabin,MMR007014,118915.85891380176,217,8,192,27945,2795.477397053038,0,NA,NA,NA,NA,NA,NA,NA,NA
Bago (West),MMR111,Pyay,MMR008001,255161.6996200912,101,6,282,59963,5995.700073931217,0,NA,NA,NA,NA,NA,NA,NA,NA
Bago (West),MMR111,Paukkhaung,MMR008002,126601.8493173508,309,9,96,29751,2974.8565479597282,0,NA,NA,NA,NA,NA,NA,NA,NA
Bago (West),MMR111,Padaung,MMR008003,146230.53035058329,257,6,229,34364,3435.5825874756074,0,NA,NA,NA,NA,NA,NA,NA,NA
Bago (West),MMR111,Paungde,MMR008004,139484.50209796958,157,9,173,32779,3278.114204676438,0,NA,NA,NA,NA,NA,NA,NA,NA
Bago (West),MMR111,Thegon,MMR008005,132788.15900759524,238,9,215,31205,3121.478336622012,0,NA,NA,NA,NA,NA,NA,NA,NA
Bago (West),MMR111,Shwedaung,MMR008006,123372.31377179622,271,4,227,28992,2898.750647812207,0,NA,NA,NA,NA,NA,NA,NA,NA
Bago (West),MMR111,Thayarwady,MMR008007,153216.87255117073,237,7,220,36006,3601.403540264511,0,NA,NA,NA,NA,NA,NA,NA,NA
Bago (West),MMR111,Letpadan,MMR008008,179887.66484464705,283,7,200,42274,4226.639906829322,0,NA,NA,NA,NA,NA,NA,NA,NA
Bago (West),MMR111,Minhla,MMR008009,124203.77975212738,267,8,243,29188,2919.2111911036827,0,NA,NA,NA,NA,NA,NA,NA,NA
Bago (West),MMR111,Okpho,MMR008010,128433.10243988504,234,4,236,30182,3017.822103149499,0,NA,NA,NA,NA,NA,NA,NA,NA
Bago (West),MMR111,Zigon,MMR008011,68467.1675486599,292,8,263,16090,1609.021562895462,0,NA,NA,NA,NA,NA,NA,NA,NA
Bago (West),MMR111,Nattalin,MMR008012,174548.03087827645,161,7,239,41019,4102.121277946048,0,NA,NA,NA,NA,NA,NA,NA,NA
Bago (West),MMR111,Monyo,MMR008013,129353.79891566637,241,3,159,30398,3040.1857368292294,0,NA,NA,NA,NA,NA,NA,NA,NA
Bago (West),MMR111,Gyobingauk,MMR008014,119075.0542295481,199,7,254,27983,2797.7362504699418,0,NA,NA,NA,NA,NA,NA,NA,NA
Chin,MMR004,Falam,MMR004001,51831.49727101556,58,9,40,30827,7707.251138876627,0,NA,NA,NA,NA,NA,NA,NA,NA
Chin,MMR004,Tedim,MMR004004,94465.77959061916,110,8,26,52712,13178.023747151421,0,NA,NA,NA,NA,NA,NA,NA,NA
Chin,MMR004,Tonzang,MMR004005,34367.46198817385,285,8,8,19177,5000,0,NA,NA,NA,NA,NA,NA,NA,NA
Chin,MMR004,Hakha,MMR004002,52127.97296104466,59,9,218,29200,20000,695,0,1286,0,0,0,0,0,0
Chin,MMR004,Thantlang,MMR004003,54307.87785282231,84,9,72,30920,7730.014039556785,1102,0,2090,0,0,0,0,0,0
Chin,MMR004,Matupi,MMR004007,55361.17512248934,53,9,82,30892,7723.116072157207,0,NA,NA,NA,NA,NA,NA,NA,NA
Chin,MMR004,Paletwa,MMR004009,104632.20052507173,139,6,35,62734,40000,9011,0,26936,0,0,0,0,0,0
Chin,MMR004,Mindat,MMR004006,45926.77961905409,25,9,49,27757,20000,4131,4131,0,0,0,0,0,0,0
Chin,MMR004,Kanpetlet,MMR004008,23171.461839256557,109,9,63,13461,5000,0,NA,NA,NA,NA,NA,NA,NA,NA
Kachin,MMR001,Bhamo,MMR001010,154328.6819752977,100,4,255,47502,11875.51480958475,19662,4048,28028,0,524,10,34,0,0
Kachin,MMR001,Shwegu,MMR001011,107655.37796938862,82,4,143,30515,7629.27225272046,549,0,1080,0,0,4,6,0,0
Kachin,MMR001,Momauk,MMR001012,71457.52921976405,20,8,123,37244,9310.76634196921,24272,3108,33722,0,359,10,8,0,0
Kachin,MMR001,Mansi,MMR001013,60134.76943987677,92,9,205,26268,6567.154605327822,17484,1740,31527,0,357,3,19,0,0
Kachin,MMR001,Mohnyin,MMR001007,237713.2149515665,49,9,232,62570,15642.46040479048,261,0,776,0,0,0,0,0,0
Kachin,MMR001,Mogaung,MMR001008,150615.76175055586,106,8,240,40665,10166.563581145812,2156,0,5201,20,0,0,0,0,0
Kachin,MMR001,Hpakant,MMR001009,376752.9342027131,14,7,287,101926,25481.447300020223,3735,0,11206,0,0,0,0,0,0
Kachin,MMR001,Myitkyina,MMR001001,360733.65404065774,21,5,278,103166,25791.498650643873,16276,4959,30956,100,0,0,0,0,0
Kachin,MMR001,Waingmaw,MMR001002,142592.4921061458,42,7,54,57138,14284.407250148079,27446,5866,40396,4606,0,0,0,0,0
Kachin,MMR001,Injangyang,MMR001003,1967.200314852518,261,10,10,933,232.7217121528395,0,NA,NA,NA,NA,NA,NA,NA,NA
Kachin,MMR001,Tanai,MMR001004,68169.3970537721,112,7,91,18789,4696.98799300862,1156,0,3448,0,0,0,0,0,0
Kachin,MMR001,Chipwi,MMR001005,22760.235051575986,236,10,15,7969,1991.5492061604696,2708,0,6127,999,0,0,0,0,0
Kachin,MMR001,Tsawlaw,MMR001006,7403.124510513114,291,8,3,1940,0,0,NA,NA,NA,NA,NA,NA,NA,NA
Kachin,MMR001,Puta-O,MMR001014,69368.79863141889,111,10,89,18542,4636.462735824779,561,0,561,0,0,0,0,0,0
Kachin,MMR001,Sumprabum,MMR001015,2891.7390309552607,183,10,136,1646,410.6379127492752,0,NA,NA,NA,NA,NA,NA,NA,NA
Kachin,MMR001,Machanbaw,MMR001016,10060.889370071365,303,10,85,2636,659.011746469699,0,NA,NA,NA,NA,NA,NA,NA,NA
Kachin,MMR001,Nawngmun,MMR001017,8090.28166437326,287,9,99,2120,0,0,NA,NA,NA,NA,NA,NA,NA,NA
Kachin,MMR001,Khaunglanhpu,MMR001018,13237.713435107447,304,10,41,3468,866.9297756888743,0,NA,NA,NA,NA,NA,NA,NA,NA
Kayah,MMR002,Bawlake,MMR002005,12712.895004683189,165,9,214,4844,1000,0,NA,NA,NA,NA,NA,NA,NA,NA
Kayah,MMR002,Hpasawng,MMR002006,29590.199595294787,289,8,185,11348,8000,0,NA,NA,NA,NA,NA,NA,NA,NA
Kayah,MMR002,Mese,MMR002007,7305.63691656903,310,10,80,2982,900,0,NA,NA,NA,NA,NA,NA,NA,NA
Kayah,MMR002,Loikaw,MMR002001,148449.29351548982,10,9,276,69687,25000,815,0,0,0,0,815,0,0,0
Kayah,MMR002,Demoso,MMR002002,91567.29695033768,2,8,135,67077,25000,16315,5557,2954,7059,0,745,0,0,0
Kayah,MMR002,Hpruso,MMR002003,33960.40177042233,64,10,50,17007,4000,30215,4055,25820,0,0,340,0,0,0
Kayah,MMR002,Shadaw,MMR002004,7794.683350452351,232,10,51,2970,500,1606,0,1606,0,0,0,0,0,0
Kayin,MMR003,Hpa-An,MMR003001,437422.79044545017,61,2,122,134831,15000,0,NA,NA,NA,NA,NA,NA,NA,NA
Kayin,MMR003,Hlaingbwe,MMR003002,275878.0378153535,149,2,32,90664,15000,7778,0,7760,0,0,0,18,0,0
Kayin,MMR003,Thandaunggyi,MMR003004,99662.77380742782,122,9,86,32704,7000,2811,0,0,2811,0,0,0,0,0
Kayin,MMR003,Hpapun,MMR003003,36403.91058003586,7,7,61,36403.91058003586,44320.23954264364,14444,0,9421,5023,0,0,0,0,0
Kayin,MMR003,Kawkareik,MMR003006,228625.06669591743,47,3,75,70417,5000,1432,1328,0,0,0,0,104,0,0
Kayin,MMR003,Kyainseikgyi,MMR003007,264429.2491780408,104,2,38,81444,5000,1390,1390,0,0,0,0,0,0,0
Kayin,MMR003,Myawaddy,MMR003005,218454.5912361622,15,4,207,67353,5000,20843,0,20843,0,0,0,0,0,0
Magway,MMR009,Gangaw,MMR009023,132523.7540308305,4,9,219,32767,3277.25118460458,0,NA,NA,NA,NA,NA,NA,NA,NA
Magway,MMR009,Tilin,MMR009024,48583.26092104402,95,9,68,10202,1019.7515811746895,0,NA,NA,NA,NA,NA,NA,NA,NA
Magway,MMR009,Saw,MMR009025,68299.51859151479,51,8,119,18217,1822.2941570613998,0,NA,NA,NA,NA,NA,NA,NA,NA
Magway,MMR009,Magway,MMR009001,287573.41447282815,68,3,237,60390,6038.958296358604,0,NA,NA,NA,NA,NA,NA,NA,NA
Magway,MMR009,Yenangyaung,MMR009002,133450.36147114506,213,3,203,28025,2801.542483822312,0,NA,NA,NA,NA,NA,NA,NA,NA
Magway,MMR009,Chauk,MMR009003,184117.4949189052,216,4,213,38665,3865.532663203272,0,NA,NA,NA,NA,NA,NA,NA,NA
Magway,MMR009,Taungdwingyi,MMR009004,258356.4478971576,79,7,110,54255,5424.514637587847,0,NA,NA,NA,NA,NA,NA,NA,NA
Magway,MMR009,Myothit,MMR009005,158588.06803864965,182,8,57,33303,3329.6506078513253,0,NA,NA,NA,NA,NA,NA,NA,NA
Magway,MMR009,Natmauk,MMR009006,205798.31943708163,155,8,45,43218,4322.2353046313865,0,NA,NA,NA,NA,NA,NA,NA,NA
Magway,MMR009,Minbu,MMR009007,187093.17739622458,195,3,248,39290,3929.0432751559238,0,NA,NA,NA,NA,NA,NA,NA,NA
Magway,MMR009,Pwintbyu,MMR009008,162744.87673817252,123,5,190,34176,3418.3576259129213,0,NA,NA,NA,NA,NA,NA,NA,NA
Magway,MMR009,Ngape,MMR009009,51840.30595802967,171,9,184,10886,1089.353689716822,0,NA,NA,NA,NA,NA,NA,NA,NA
Magway,MMR009,Salin,MMR009010,234667.31111563844,170,5,137,49280,4927.986466608758,0,NA,NA,NA,NA,NA,NA,NA,NA
Magway,MMR009,Sidoktaya,MMR009011,47251.014172093855,247,8,148,9923,991.7287765617061,0,NA,NA,NA,NA,NA,NA,NA,NA
Magway,MMR009,Pakokku,MMR009018,288460.2533534726,32,4,267,60577,6058.334698067766,0,NA,NA,NA,NA,NA,NA,NA,NA
Magway,MMR009,Yesagyo,MMR009019,214105.97155217687,22,4,161,44962,4495.77460870406,0,NA,NA,NA,NA,NA,NA,NA,NA
Magway,MMR009,Myaing,MMR009020,224464.6871322603,31,8,133,47138,4714.241582602502,0,NA,NA,NA,NA,NA,NA,NA,NA
Magway,MMR009,Pauk,MMR009021,170521.6185816712,24,8,120,35810,3581.04601037606,0,NA,NA,NA,NA,NA,NA,NA,NA
Magway,MMR009,Seikphyu,MMR009022,102174.37771855226,211,5,176,21457,2146.3381211759756,0,NA,NA,NA,NA,NA,NA,NA,NA
Magway,MMR009,Thayet,MMR009012,103743.24739753983,254,5,152,21786,2179.391875114487,0,NA,NA,NA,NA,NA,NA,NA,NA
Magway,MMR009,Minhla,MMR009013,145236.76834338708,272,5,125,30500,3050.027865043446,0,NA,NA,NA,NA,NA,NA,NA,NA
Magway,MMR009,Mindon,MMR009014,59013.55990853376,244,8,70,12393,1238.7153073514057,0,NA,NA,NA,NA,NA,NA,NA,NA
Magway,MMR009,Kamma,MMR009015,74759.92110993135,202,5,131,15700,1570.0416577967449,0,NA,NA,NA,NA,NA,NA,NA,NA
Magway,MMR009,Aunglan,MMR009016,233861.00356832598,205,6,138,49111,4910.918926403586,0,NA,NA,NA,NA,NA,NA,NA,NA
Magway,MMR009,Sinbaungwe,MMR009017,117162.15364424167,277,7,87,24604,2459.59484021137,0,NA,NA,NA,NA,NA,NA,NA,NA
Mandalay,MMR010,Kyaukse,MMR010013,274709.3466889205,108,10,246,32416,3242.429766033835,0,NA,NA,NA,NA,NA,NA,NA,NA
Mandalay,MMR010,Sintgaing,MMR010014,158619.83773306131,138,4,268,18717,1872.2859584249468,0,NA,NA,NA,NA,NA,NA,NA,NA
Mandalay,MMR010,Myittha,MMR010015,208374.00606965614,235,10,164,24588,2459.1867425586734,0,NA,NA,NA,NA,NA,NA,NA,NA
Mandalay,MMR010,Tada-U,MMR010016,147647.73934006476,179,5,163,17422,1741.7567097702458,0,NA,NA,NA,NA,NA,NA,NA,NA
Mandalay,MMR010,Aungmyaythazan,MMR010001,283094.198504246,91,9,310,33405,3341.4885290733523,0,NA,NA,NA,NA,NA,NA,NA,NA
Mandalay,MMR010,Chanayethazan,MMR010002,210020.72620513552,9,10,325,24782,2477.755454915075,0,NA,NA,NA,NA,NA,NA,NA,NA
Mandalay,MMR010,Mahaaungmyay,MMR010003,256821.2367566823,36,10,311,30305,3029.509485691361,0,NA,NA,NA,NA,NA,NA,NA,NA
Mandalay,MMR010,Chanmyathazi,MMR010004,302269.0082577384,54,10,303,35668,3567.2257168409606,0,NA,NA,NA,NA,NA,NA,NA,NA
Mandalay,MMR010,Pyigyitagon,MMR010005,253183.75340437837,86,8,301,29876,2988.4317722113033,0,NA,NA,NA,NA,NA,NA,NA,NA
Mandalay,MMR010,Amarapura,MMR010006,253098.54149568605,124,7,294,29866,2987.437274355215,0,NA,NA,NA,NA,NA,NA,NA,NA
Mandalay,MMR010,Patheingyi,MMR010007,280906.3827485704,159,8,286,33147,3315.3047115730856,0,NA,NA,NA,NA,NA,NA,NA,NA
Mandalay,MMR010,Meiktila,MMR010028,329837.1910174255,107,10,274,38921,3891.921147591971,0,NA,NA,NA,NA,NA,NA,NA,NA
Mandalay,MMR010,Mahlaing,MMR010029,148510.50991557463,166,10,134,17524,1751.5760855914916,0,NA,NA,NA,NA,NA,NA,NA,NA
Mandalay,MMR010,Thazi,MMR010030,215884.3706720267,240,9,209,25474,2546.564500546806,0,NA,NA,NA,NA,NA,NA,NA,NA
Mandalay,MMR010,Wundwin,MMR010031,244728.60176438157,151,10,175,28878,2888.202513380018,0,NA,NA,NA,NA,NA,NA,NA,NA
Mandalay,MMR010,Myingyan,MMR010017,294083.33927898115,26,5,231,34702,3469.816606201124,0,NA,NA,NA,NA,NA,NA,NA,NA
Mandalay,MMR010,Taungtha,MMR010018,230755.97903655615,115,5,202,27229,2723.079449686694,0,NA,NA,NA,NA,NA,NA,NA,NA
Mandalay,MMR010,Natogyi,MMR010019,188614.4295927627,102,10,241,22257,2226.349785760861,0,NA,NA,NA,NA,NA,NA,NA,NA
Mandalay,MMR010,Ngazun,MMR010021,132326.63815718322,207,7,155,15615,1560.5458019399339,0,NA,NA,NA,NA,NA,NA,NA,NA
Mandalay,MMR010,Kyaukpadaung,MMR010020,278971.0072723958,116,10,147,32919,3292.1421203210016,0,NA,NA,NA,NA,NA,NA,NA,NA
Mandalay,MMR010,Nyaung-U,MMR010022,255579.27318749158,129,4,156,30158,3016.1645853686555,0,NA,NA,NA,NA,NA,NA,NA,NA
Mandalay,MMR010,Pyinoolwin,MMR010008,272154.0545770091,148,9,280,32114,3210.5822103578134,0,NA,NA,NA,NA,NA,NA,NA,NA
Mandalay,MMR010,Madaya,MMR010009,274809.470681634,52,7,172,32428,3243.2482649609665,0,NA,NA,NA,NA,NA,NA,NA,NA
Mandalay,MMR010,Singu,MMR010010,167851.48289101702,143,4,182,19806,1981.3525646218368,0,NA,NA,NA,NA,NA,NA,NA,NA
Mandalay,MMR010,Mogoke,MMR010011,178038.56657518548,35,9,272,21009,2101.1449244088303,0,NA,NA,NA,NA,NA,NA,NA,NA
Mandalay,MMR010,Thabeikkyin,MMR010012,174366.9984594045,176,3,124,20575,2058.469525275091,0,NA,NA,NA,NA,NA,NA,NA,NA
Mandalay,MMR010,Yamethin,MMR010023,274905.3340789128,309,9,167,32439,3244.117062092947,0,NA,NA,NA,NA,NA,NA,NA,NA
Mandalay,MMR010,Pyawbwe,MMR010024,277250.79186566925,301,10,178,32716,3272.4407153383586,0,NA,NA,NA,NA,NA,NA,NA,NA
Mon,MMR011,Mawlamyine,MMR011001,278680.7196406106,66,4,291,44000.17344512815,0,2691,2691,0,0,0,0,0,0,0
Mon,MMR011,Kyaikmaraw,MMR011002,188565.08118107164,230,5,113,24000.13167079307,0,2570,2570,0,0,0,0,0,0,0
Mon,MMR011,Chaungzon,MMR011003,117607.3699214522,253,6,223,12000.006948041786,0,7181,7181,0,0,0,0,0,0,0
Mon,MMR011,Thanbyuzayat,MMR011004,164226.21257492076,206,7,101,23000.148475104626,0,0,NA,NA,NA,NA,NA,NA,NA,NA
Mon,MMR011,Mudon,MMR011005,183679.78085508436,196,7,260,27000.299476739117,0,0,NA,NA,NA,NA,NA,NA,NA,NA
Mon,MMR011,Ye,MMR011006,253869.98090638287,34,8,157,61437,10000,180,0,180,0,0,0,0,0,0
Mon,MMR011,Thaton,MMR011007,229296.140236455,63,1,211,55490,10000,0,NA,NA,NA,NA,NA,NA,NA,NA
Mon,MMR011,Paung,MMR011008,210376.07410109657,197,4,197,34003.99336600171,0,4254,4254,0,0,0,0,0,0,0
Mon,MMR011,Kyaikto,MMR011009,177704.36423321342,55,7,234,43004,10000,8284,0,0,8284,0,0,0,0,0
Mon,MMR011,Bilin,MMR011010,174375.27232961828,105,3,130,43029,5000,6031,0,622,5409,0,0,0,0,0
Nay Pyi Taw,MMR018,Za Bu Thi Ri,MMR018002,123719.90831721459,224,10,324,0,0,0,NA,NA,NA,NA,NA,NA,NA,NA
Nay Pyi Taw,MMR018,Det Khi Na Thi Ri,MMR018004,57490.06829779366,286,10,275,0,0,0,NA,NA,NA,NA,NA,NA,NA,NA
Nay Pyi Taw,MMR018,Pyinmana,MMR018006,210082.69677906152,131,10,290,0,0,0,NA,NA,NA,NA,NA,NA,NA,NA
Nay Pyi Taw,MMR018,Lewe,MMR018007,318535.16586296825,269,7,228,0,0,0,NA,NA,NA,NA,NA,NA,NA,NA
Nay Pyi Taw,MMR018,Zay Yar Thi Ri,MMR018001,124654.03232283259,78,10,296,0,0,0,NA,NA,NA,NA,NA,NA,NA,NA
Nay Pyi Taw,MMR018,Tatkon,MMR018003,243155.61481010212,219,9,271,0,0,0,NA,NA,NA,NA,NA,NA,NA,NA
Nay Pyi Taw,MMR018,Poke Ba Thi Ri,MMR018005,130476.06659285931,239,10,288,0,0,0,NA,NA,NA,NA,NA,NA,NA,NA
Nay Pyi Taw,MMR018,Oke Ta Ra Thi Ri,MMR018008,91418.70664093515,273,8,270,0,0,0,NA,NA,NA,NA,NA,NA,NA,NA
Rakhine,MMR012,Kyaukpyu,MMR012011,171175.73756895756,265,7,56,47000.071429559386,0,1051,0,3140,0,0,0,0,0,0
Rakhine,MMR012,Munaung,MMR012012,58972.356344968524,309,7,90,14000.034103613378,0,0,NA,NA,NA,NA,NA,NA,NA,NA
Rakhine,MMR012,Ramree,MMR012013,101338.74477697774,306,7,34,25999.680633488286,0,0,NA,NA,NA,NA,NA,NA,NA,NA
Rakhine,MMR012,Ann,MMR012014,123930.35613315948,180,5,44,51962,1000,2004,0,3548,0,0,0,0,0,0
Rakhine,MMR012,Maungdaw,MMR012009,42221.457598032895,113,8,64,16889,16889.41697108115,24983,0,60405,0,315,0,162,0,0
Rakhine,MMR012,Buthidaung,MMR012010,57501.30838010879,141,9,29,27218,25001,132642,0,264932,0,1741,0,0,0,0
Rakhine,MMR012,Mrauk-U,MMR012003,196308.81462093847,103,7,21,92169,49999,10968,0,32872,0,0,0,0,0,0
Rakhine,MMR012,Kyauktaw,MMR012004,179196.62400930474,127,7,23,80736,40000,12754,0,38214,0,0,0,0,0,0
Rakhine,MMR012,Minbya,MMR012005,175167.54682476277,229,5,17,71821,50000,1626,0,4863,0,0,0,0,0,0
Rakhine,MMR012,Myebon,MMR012006,142024.9707551043,189,6,18,35999.769923067914,0,4581,0,13820,0,0,0,0,0,0
Rakhine,MMR012,Sittwe,MMR012001,153108.0386733227,3,6,171,128717,79999,121905,0,363015,0,50,0,134,0,0
Rakhine,MMR012,Ponnagyun,MMR012002,134322.93214950498,243,8,16,36999.61783574795,0,3742,0,4182,210,2214,0,0,50,0
Rakhine,MMR012,Pauktaw,MMR012007,151097.64096202247,93,7,9,50000.361944635726,0,24661,0,74055,0,0,0,0,0,0
Rakhine,MMR012,Rathedaung,MMR012008,115917.75145475383,117,9,7,58100,10001,4738,0,14233,0,0,0,0,0,0
Rakhine,MMR012,Thandwe,MMR012015,138185.3388749741,152,6,216,35999.91171640083,0,0,NA,NA,NA,NA,NA,NA,NA,NA
Rakhine,MMR012,Toungup,MMR012016,163917.80844747147,186,7,102,43999.91720430579,0,0,NA,NA,NA,NA,NA,NA,NA,NA
Rakhine,MMR012,Gwa,MMR012017,68340.06432105285,252,7,193,11999.988705708112,0,0,NA,NA,NA,NA,NA,NA,NA,NA
Sagaing,MMR005,Hkamti,MMR005033,50052.78736458388,177,5,107,7653,764.6930044427131,0,NA,NA,NA,NA,NA,NA,NA,NA
Sagaing,MMR005,Homalin,MMR005034,271180.7044831875,142,5,78,41464,4145.647058499893,0,NA,NA,NA,NA,NA,NA,NA,NA
Sagaing,MMR005,Kale,MMR005027,366088.59478020685,1,8,162,56195,5620.500044487943,0,NA,NA,NA,NA,NA,NA,NA,NA
Sagaing,MMR005,Kalewa,MMR005028,59267.67586886143,246,6,48,9062,905.7972813338224,0,NA,NA,NA,NA,NA,NA,NA,NA
Sagaing,MMR005,Mingin,MMR005029,109607.18132800513,13,5,71,16759,1676.1062042242897,0,NA,NA,NA,NA,NA,NA,NA,NA
Sagaing,MMR005,Kanbalu,MMR005007,310412.7719640728,69,7,92,47462,4745.788726074859,0,NA,NA,NA,NA,NA,NA,NA,NA
Sagaing,MMR005,Kyunhla,MMR005008,109317.31248515345,99,9,153,16715,1670.5384196395844,0,NA,NA,NA,NA,NA,NA,NA,NA
Sagaing,MMR005,Katha,MMR005020,176162.5379959527,40,2,121,26935,2694.4748777349478,0,NA,NA,NA,NA,NA,NA,NA,NA
Sagaing,MMR005,Indaw,MMR005021,126309.298023187,134,9,76,19313,1930.7308707400512,0,NA,NA,NA,NA,NA,NA,NA,NA
Sagaing,MMR005,Tigyaing,MMR005022,136485.16475648366,45,4,154,20869,2087.141840512734,0,NA,NA,NA,NA,NA,NA,NA,NA
Sagaing,MMR005,Banmauk,MMR005023,118329.50284932094,305,8,106,18093,1808.7419382527698,0,NA,NA,NA,NA,NA,NA,NA,NA
Sagaing,MMR005,Kawlin,MMR005024,152598.09152108652,73,9,191,23332,2332.7752023051985,0,NA,NA,NA,NA,NA,NA,NA,NA
Sagaing,MMR005,Wuntho,MMR005025,77083.05696050264,225,9,179,11786,1179.4001948683065,0,NA,NA,NA,NA,NA,NA,NA,NA
Sagaing,MMR005,Pinlebu,MMR005026,117594.32824788554,70,9,59,17980,1797.98272125588,0,NA,NA,NA,NA,NA,NA,NA,NA
Sagaing,MMR005,Mawlaik,MMR005031,53892.49928293797,262,6,88,8240,823.9836862868669,0,NA,NA,NA,NA,NA,NA,NA,NA
Sagaing,MMR005,Paungbyin,MMR005032,118356.80933451711,222,6,53,18097,1810.3244434214587,0,NA,NA,NA,NA,NA,NA,NA,NA
Sagaing,MMR005,Monywa,MMR005012,390792.56188729784,8,6,277,59752,5974.781736716537,0,NA,NA,NA,NA,NA,NA,NA,NA
Sagaing,MMR005,Budalin,MMR005013,129746.76440961284,75,9,129,19838,1984.171987084778,0,NA,NA,NA,NA,NA,NA,NA,NA
Sagaing,MMR005,Ayadaw,MMR005014,163596.30355856032,74,9,139,25014,2500.6125786130374,0,NA,NA,NA,NA,NA,NA,NA,NA
Sagaing,MMR005,Chaung-U,MMR005015,111279.17842155536,71,9,224,17015,1700.5414855629747,0,NA,NA,NA,NA,NA,NA,NA,NA
Sagaing,MMR005,Lay Shi,MMR005035,11018.166776655535,307,8,27,1685,167.533528801838,1525,0,0,0,1525,0,0,0,0
Sagaing,MMR005,Lahe,MMR005036,57088.40830032074,310,9,2,8729,873.1182531040208,1925,0,0,0,1925,0,0,0,0
Sagaing,MMR005,Nanyun,MMR005037,54591.96540373222,300,9,5,8347,835.288948932148,0,NA,NA,NA,NA,NA,NA,NA,NA
Sagaing,MMR005,Sagaing,MMR005001,322630.3235904986,65,4,266,49330,4932.98235236441,0,NA,NA,NA,NA,NA,NA,NA,NA
Sagaing,MMR005,Myinmu,MMR005002,112361.98558452666,67,6,206,17180,1717.9852405393876,0,NA,NA,NA,NA,NA,NA,NA,NA
Sagaing,MMR005,Myaung,MMR005003,111758.09216191898,43,6,180,29794,2979.5686885229857,0,NA,NA,NA,NA,NA,NA,NA,NA
Sagaing,MMR005,Shwebo,MMR005004,280213.89983596734,11,7,257,42845,4283.529523182369,0,NA,NA,NA,NA,NA,NA,NA,NA
Sagaing,MMR005,Khin-U,MMR005005,153816.38086060813,18,6,109,23519,2352.1475458965847,0,NA,NA,NA,NA,NA,NA,NA,NA
Sagaing,MMR005,Wetlet,MMR005006,206075.74227892887,60,9,126,31509,3151.101903850658,0,NA,NA,NA,NA,NA,NA,NA,NA
Sagaing,MMR005,Ye-U,MMR005009,124234.00514827788,27,8,169,18995,1900.462173678917,0,NA,NA,NA,NA,NA,NA,NA,NA
Sagaing,MMR005,Tabayin,MMR005010,147890.87357303873,29,9,104,22613,2260.74857103089,0,NA,NA,NA,NA,NA,NA,NA,NA
Sagaing,MMR005,Taze,MMR005011,173406.68349000052,17,9,100,26514,2650.611866272992,0,NA,NA,NA,NA,NA,NA,NA,NA
Sagaing,MMR005,Tamu,MMR005030,120641.10184611999,85,9,195,18446,1845.3976384542723,0,NA,NA,NA,NA,NA,NA,NA,NA
Sagaing,MMR005,Yinmarbin,MMR005016,148589.28944440238,6,7,145,22719,2272.0697665373496,0,NA,NA,NA,NA,NA,NA,NA,NA
Sagaing,MMR005,Kani,MMR005017,141301.6086453162,12,7,118,24570,2457.013403886237,0,NA,NA,NA,NA,NA,NA,NA,NA
Sagaing,MMR005,Salingyi,MMR005018,127928.78264520611,98,6,252,19560,1955.9689138488495,0,NA,NA,NA,NA,NA,NA,NA,NA
Sagaing,MMR005,Pale,MMR005019,151242.21950615357,19,9,132,23125,2311.5065690822457,0,NA,NA,NA,NA,NA,NA,NA,NA
Shan (East),MMR222,Kengtung,MMR016001,190678.07106639686,274,9,238,70170,25000,0,NA,NA,NA,NA,NA,NA,NA,NA
Shan (East),MMR222,Mongkhet,MMR016002,49472.748796437016,310,9,58,7000.010935993042,0,0,NA,NA,NA,NA,NA,NA,NA,NA
Shan (East),MMR222,Mongyang,MMR016003,119598.77030615482,310,9,47,44012,10000,275,NA,NA,NA,NA,NA,NA,NA,NA
Shan (East),MMR222,Mongla,MMR016005,47850.61860323728,310,10,244,6999.989010072383,0,0,NA,NA,NA,NA,NA,NA,NA,NA
Shan (East),MMR222,Mongping,MMR016007,76476.77232090256,296,9,36,10999.823250005875,0,0,NA,NA,NA,NA,NA,NA,NA,NA
Shan (East),MMR222,Monghsat,MMR016006,116270.07026586277,309,10,105,42787,10000,0,NA,NA,NA,NA,NA,NA,NA,NA
Shan (East),MMR222,Mongton,MMR016008,77872.24870628536,300,9,95,11500.005006632337,0,0,NA,NA,NA,NA,NA,NA,NA,NA
Shan (East),MMR222,Tachileik,MMR016009,197003.26777179833,167,8,285,72497,25000,0,NA,NA,NA,NA,NA,NA,NA,NA
Shan (East),MMR222,Monghpyak,MMR016010,33949.185057131006,306,9,37,4499.891905693609,0,0,NA,NA,NA,NA,NA,NA,NA,NA
Shan (East),MMR222,Mongyawng,MMR016011,88761.63091419675,296,9,28,12999.88849307263,0,0,NA,NA,NA,NA,NA,NA,NA,NA
Shan (North),MMR222,Pangwaun,MMR015007,107879.43518432547,310,10,6,21000.19458355443,0,955,NA,NA,NA,NA,NA,NA,NA,NA
Shan (North),MMR222,Mongmao,MMR015008,78532.21126434059,310,10,13,14000.070850397218,0,0,NA,NA,NA,NA,NA,NA,NA,NA
Shan (North),MMR222,Hopang,MMR015021,67885.03753733159,310,9,30,11000.134820677367,0,0,NA,NA,NA,NA,NA,NA,NA,NA
Shan (North),MMR222,Laukkaing,MMR015022,105382.9101541064,293,9,116,14000.031636486985,0,925,NA,NA,NA,NA,NA,NA,NA,NA
Shan (North),MMR222,Konkyan,MMR015023,66731.76963285124,298,10,11,20999.750961023416,0,0,NA,NA,NA,NA,NA,NA,NA,NA
Shan (North),MMR222,Kyaukme,MMR015012,191221.37357631102,30,9,250,73689,18421.81763278474,413,0,413,0,0,0,0,0,0
Shan (North),MMR222,Nawnghkio,MMR015013,166481.66603385995,136,9,262,61265,15315.686731292519,0,NA,NA,NA,NA,NA,NA,NA,NA
Shan (North),MMR222,Hsipaw,MMR015014,195720.0072422465,81,8,194,72220,18055.779324188505,118,0,118,0,0,0,0,0,0
Shan (North),MMR222,Namtu,MMR015015,56022.37721350035,114,9,251,21014,5254.243307624785,561,0,1570,0,0,0,0,0,0
Shan (North),MMR222,Lashio,MMR015001,359318.5035149055,46,8,177,132229,40000,109,0,109,0,0,0,0,0,0
Shan (North),MMR222,Hseni,MMR015002,62954.206169235404,140,8,66,23336,5834.027032555601,390,0,1170,0,0,0,0,0,0
Shan (North),MMR222,Mongyai,MMR015003,65969.59065166286,227,9,14,24277,6068.79766679279,0,NA,NA,NA,NA,NA,NA,NA,NA
Shan (North),MMR222,Tangyan,MMR015004,191994.66303827474,248,8,12,70654,17664.491014127285,0,NA,NA,NA,NA,NA,NA,NA,NA
Shan (North),MMR222,Kunlong,MMR015020,65300.739708987356,279,9,19,24031,6008.331965114499,0,NA,NA,NA,NA,NA,NA,NA,NA
Shan (North),MMR222,Pangsang (Panghkam),MMR015005,117739.98687244033,308,10,22,43328,10831.921208308622,0,NA,NA,NA,NA,NA,NA,NA,NA
Shan (North),MMR222,Narphan,MMR015006,129081.56564790812,310,10,4,47502,11876.495981105403,405,NA,NA,NA,NA,NA,NA,NA,NA
Shan (North),MMR222,Matman,MMR015024,21923.200665902245,310,9,1,8068,2017.0655408666244,0,NA,NA,NA,NA,NA,NA,NA,NA
Shan (North),MMR222,Mongmit,MMR015017,70362.67475023259,250,8,253,25893,6472.633943680719,0,NA,NA,NA,NA,NA,NA,NA,NA
Shan (North),MMR222,Mabein,MMR015018,52661.4567789598,299,9,265,19379,4845.1459807339925,0,NA,NA,NA,NA,NA,NA,NA,NA
Shan (North),MMR222,Muse,MMR015009,190888.05915305082,5,9,281,71329,17832.644545071726,3286,0,3859,0,0,20,0,0,0
Shan (North),MMR222,Namhkan,MMR015010,118919.91993078153,97,9,230,32000.474803373254,0,1328,0,3604,0,0,0,0,0,0
Shan (North),MMR222,Kutkai,MMR015011,194046.7688374802,33,10,212,74366,18591.573253793504,2218,0,5962,0,0,0,0,0,0
Shan (North),MMR222,Namhsan,MMR015016,80222.11539026989,158,9,221,18000.159464011853,0,0,NA,NA,NA,NA,NA,NA,NA,NA
Shan (North),MMR222,Manton,MMR015019,42887.56684089259,223,9,98,11999.434659827964,0,318,0,849,0,0,0,0,0,0
Shan (South),MMR222,Pindaya,MMR014006,88109.44569268427,190,9,204,32424,150,336,0,0,0,0,0,411,0,250
Shan (South),MMR222,Ywangan,MMR014007,91697.01993504175,128,10,181,33745,150,444,0,0,0,0,0,819,0,50
Shan (South),MMR222,Langkho,MMR014018,44787.45905347584,310,9,128,12500.163110611034,0,0,NA,NA,NA,NA,NA,NA,NA,NA
Shan (South),MMR222,Mongnai,MMR014019,43815.29198563354,294,10,108,16124,50,0,NA,NA,NA,NA,NA,NA,NA,NA
Shan (South),MMR222,Mawkmai,MMR014020,37564.53550142687,308,10,25,6000.108914943583,0,0,NA,NA,NA,NA,NA,NA,NA,NA
Shan (South),MMR222,Mongpan,MMR014021,28805.03245814827,281,10,93,10600,50,0,NA,NA,NA,NA,NA,NA,NA,NA
Shan (South),MMR222,Loilen,MMR014011,138388.81539341103,204,10,55,50927,50,0,NA,NA,NA,NA,NA,NA,NA,NA
Shan (South),MMR222,Laihka,MMR014012,54253.588674066115,278,10,74,19965,50,0,NA,NA,NA,NA,NA,NA,NA,NA
Shan (South),MMR222,Nansang,MMR014013,129949.29419646223,270,10,62,47821,1000,0,NA,NA,NA,NA,NA,NA,NA,NA
Shan (South),MMR222,Kunhing,MMR014014,59333.30048455188,295,10,33,21835,50,0,NA,NA,NA,NA,NA,NA,NA,NA
Shan (South),MMR222,Kyethi,MMR014015,82621.9792377435,188,10,20,31215,5000,0,NA,NA,NA,NA,NA,NA,NA,NA
Shan (South),MMR222,Mongkaing,MMR014016,82544.20587231612,119,10,24,32294,50,0,NA,NA,NA,NA,NA,NA,NA,NA
Shan (South),MMR222,Monghsu,MMR014017,80830.96973675858,266,9,31,29746,50,0,NA,NA,NA,NA,NA,NA,NA,NA
Shan (South),MMR222,Hopong,MMR014003,124824.02941479757,282,10,127,45935,50,0,NA,NA,NA,NA,NA,NA,NA,NA
Shan (South),MMR222,Hsihseng,MMR014004,170025.90940119364,184,9,117,63075,50,0,NA,NA,NA,NA,NA,NA,NA,NA
Shan (South),MMR222,Pinlaung,MMR014009,213606.77024246746,147,9,166,78645,50,0,NA,NA,NA,NA,NA,NA,NA,NA
Shan (South),MMR222,Taunggyi,MMR014001,486701.276652264,38,8,284,179129,200,0,NA,NA,NA,NA,NA,NA,NA,NA
Shan (South),MMR222,Nyaungshwe,MMR014002,210440.28322149537,156,9,249,77442,20,0,NA,NA,NA,NA,NA,NA,NA,NA
Shan (South),MMR222,Kalaw,MMR014005,206747.15941177213,126,9,245,76083,100,0,NA,NA,NA,NA,NA,NA,NA,NA
Shan (South),MMR222,Lawksawk,MMR014008,183022.9498121872,233,9,183,67352,20,0,NA,NA,NA,NA,NA,NA,NA,NA
Shan (South),MMR222,Pekon,MMR014010,115093.4703517542,16,9,174,48656,150,4710,0,4540,0,0,170,0,0,0
Tanintharyi,MMR006,Dawei,MMR006001,156104.6855057658,23,10,258,37777,5667.399944364489,314,0,0,314,0,0,0,0,0
Tanintharyi,MMR006,Launglon,MMR006002,125675.93475263125,89,8,187,30414,4561.96356877042,0,NA,NA,NA,NA,NA,NA,NA,NA
Tanintharyi,MMR006,Thayetchaung,MMR006003,112233.83467999121,137,9,210,27161,4073.911803025714,0,NA,NA,NA,NA,NA,NA,NA,NA
Tanintharyi,MMR006,Yebyu,MMR006004,130260.37599431549,118,9,158,31675,4750.808359136868,81,0,0,0,0,0,81,0,0
Tanintharyi,MMR006,Kawthoung,MMR006009,148728.7911632599,160,8,198,35992,5399.144884661607,0,NA,NA,NA,NA,NA,NA,NA,NA
Tanintharyi,MMR006,Bokpyin,MMR006010,86800.59531694955,290,10,67,21006,3151.1383960730022,0,NA,NA,NA,NA,NA,NA,NA,NA
Tanintharyi,MMR006,Myeik,MMR006005,302183.2957380707,90,8,242,73128,10968.746370572688,0,NA,NA,NA,NA,NA,NA,NA,NA
Tanintharyi,MMR006,Kyunsu,MMR006006,182435.48113600473,284,10,43,44149,6621.592059895221,0,NA,NA,NA,NA,NA,NA,NA,NA
Tanintharyi,MMR006,Palaw,MMR006007,138077.08199467565,87,8,149,33964,5095.369450381044,0,NA,NA,NA,NA,NA,NA,NA,NA
Tanintharyi,MMR006,Tanintharyi,MMR006008,113498.91102819465,133,6,69,27467,4119.989529703143,0,NA,NA,NA,NA,NA,NA,NA,NA
Yangon,MMR013,Thingangyun,MMR013009,243788.8109873174,80,8,317,68261.25,68261.13292380996,0,NA,NA,NA,NA,NA,NA,NA,NA
Yangon,MMR013,Yankin,MMR013010,82563.23088085231,146,8,326,23117.5,23118.295357134808,0,NA,NA,NA,NA,NA,NA,NA,NA
Yangon,MMR013,South Okkalapa,MMR013011,187509.9813789108,77,8,323,52502.5,52503.20521470707,0,NA,NA,NA,NA,NA,NA,NA,NA
Yangon,MMR013,North Okkalapa,MMR013012,387868.8990213952,76,7,308,108603.75,108602.70827479297,269720,0,269720,0,0,0,0,0,0
Yangon,MMR013,Thaketa,MMR013013,256671.4959286959,39,8,309,71867.5,71867.9811399701,0,NA,NA,NA,NA,NA,NA,NA,NA
Yangon,MMR013,Dawbon,MMR013014,87659.28122938855,144,8,304,24545,24545.401262330946,0,NA,NA,NA,NA,NA,NA,NA,NA
Yangon,MMR013,Tamwe,MMR013015,192382.59220542855,28,8,321,53867.5,53866.87418277388,0,NA,NA,NA,NA,NA,NA,NA,NA
Yangon,MMR013,Pazundaung,MMR013016,56389.38562190537,172,8,320,15788.75,15788.972025916059,0,NA,NA,NA,NA,NA,NA,NA,NA
Yangon,MMR013,Botahtaung,MMR013017,47707.829193478705,192,8,327,13358.75,13357.807828590627,0,NA,NA,NA,NA,NA,NA,NA,NA
Yangon,MMR013,Dagon Myothit (South),MMR013018,432502.10729209863,57,8,300,121100,121101.40995960019,0,NA,NA,NA,NA,NA,NA,NA,NA
Yangon,MMR013,Dagon Myothit (North),MMR013019,237343.97727409672,72,8,312,66456.25,66455.6863647331,0,NA,NA,NA,NA,NA,NA,NA,NA
Yangon,MMR013,Dagon Myothit (East),MMR013020,192749.1726712401,215,6,295,53970,53970.23165304706,0,NA,NA,NA,NA,NA,NA,NA,NA
Yangon,MMR013,Dagon Myothit (Seikkan),MMR013021,194867.1931403737,132,7,289,54562.5,54563.18592132887,0,NA,NA,NA,NA,NA,NA,NA,NA
Yangon,MMR013,Mingalartaungnyunt,MMR013022,154189.56265790385,83,7,314,43172.5,43172.9224559262,0,NA,NA,NA,NA,NA,NA,NA,NA
Yangon,MMR013,Insein,MMR013001,355272.33125192724,37,8,306,99476.25,99475.74725010256,0,NA,NA,NA,NA,NA,NA,NA,NA
Yangon,MMR013,Mingaladon,MMR013002,385882.3820209496,130,7,305,108047.5,108046.93303417561,0,NA,NA,NA,NA,NA,NA,NA,NA
Yangon,MMR013,Hmawbi,MMR013003,284660.787304043,226,8,273,79705,79704.9795548732,0,NA,NA,NA,NA,NA,NA,NA,NA
Yangon,MMR013,Hlegu,MMR013004,315074.1647437887,178,9,264,88221.25,88221.23387235914,0,NA,NA,NA,NA,NA,NA,NA,NA
Yangon,MMR013,Taikkyi,MMR013005,322669.94474490674,185,7,199,90347.5,90348.4154733367,0,NA,NA,NA,NA,NA,NA,NA,NA
Yangon,MMR013,Htantabin,MMR013006,169665.07705270514,280,8,140,47506.25,47505.77842627601,0,NA,NA,NA,NA,NA,NA,NA,NA
Yangon,MMR013,Shwepyithar,MMR013007,399777.52729647426,94,6,297,111937.5,111938.2923577508,382031,0,382031,0,0,0,0,0,0
Yangon,MMR013,Hlaingtharya,MMR013008,800503.5088140167,48,10,299,227976.27210950773,227976,801760,NA,NA,NA,NA,NA,NA,NA,NA
Yangon,MMR013,Thanlyin,MMR013023,311957.6489106349,120,7,261,87348.75,87347.8583052521,0,NA,NA,NA,NA,NA,NA,NA,NA
Yangon,MMR013,Kyauktan,MMR013024,194867.1931403737,255,6,150,54562.5,54563.18592132887,0,NA,NA,NA,NA,NA,NA,NA,NA
Yangon,MMR013,Thongwa,MMR013025,183727.80196974368,260,6,73,51443.75,51444.21544937408,0,NA,NA,NA,NA,NA,NA,NA,NA
Yangon,MMR013,Kayan,MMR013026,183894.21786374706,181,7,114,51490,51489.61900097004,0,NA,NA,NA,NA,NA,NA,NA,NA
Yangon,MMR013,Twantay,MMR013027,263979.8302947172,153,7,103,73913.75,73913.64751916009,0,NA,NA,NA,NA,NA,NA,NA,NA
Yangon,MMR013,Kawhmu,MMR013028,138544.1411265676,175,7,42,38792.50000000001,38791.640487892946,0,NA,NA,NA,NA,NA,NA,NA,NA
Yangon,MMR013,Kungyangon,MMR013029,129911.46209358246,173,7,165,36375,36374.7906150022,0,NA,NA,NA,NA,NA,NA,NA,NA
Yangon,MMR013,Dala,MMR013030,201161.9034247383,198,7,222,56325,56324.6670430415,144855,0,144855,0,0,0,0,0,0
Yangon,MMR013,Seikgyikanaungto,MMR013031,39570.90659997209,264,8,269,11080,11080.146153935677,0,NA,NA,NA,NA,NA,NA,NA,NA
Yangon,MMR013,Cocokyun,MMR013032,2257.670170395138,310,10,293,632.5,631.8523867747328,0,NA,NA,NA,NA,NA,NA,NA,NA
Yangon,MMR013,Kyauktada,MMR013033,34741.35443134332,62,8,316,9727.5,9728.420777423498,0,NA,NA,NA,NA,NA,NA,NA,NA
Yangon,MMR013,Pabedan,MMR013034,38794.68701045995,276,8,302,10862.5,10863.487658962093,0,NA,NA,NA,NA,NA,NA,NA,NA
Yangon,MMR013,Lanmadaw,MMR013035,54882.332595791086,174,8,322,15367.5,15366.946873362167,0,NA,NA,NA,NA,NA,NA,NA,NA
Yangon,MMR013,Latha,MMR013036,29160.02137092318,268,8,313,8165,8165.194020751816,0,NA,NA,NA,NA,NA,NA,NA,NA
Yangon,MMR013,Ahlone,MMR013037,64567.03937827991,163,8,318,18078.75,18079.228976981663,0,NA,NA,NA,NA,NA,NA,NA,NA
Yangon,MMR013,Kyeemyindaing,MMR013038,129774.13988734195,125,8,292,36336.25,36337.24083314043,0,NA,NA,NA,NA,NA,NA,NA,NA
Yangon,MMR013,Sanchaung,MMR013039,115931.36324979032,44,8,328,32461.25,32461.218291526653,0,NA,NA,NA,NA,NA,NA,NA,NA
Yangon,MMR013,Hlaing,MMR013040,186556.8721678007,50,8,315,52236.25,52236.07579312577,0,NA,NA,NA,NA,NA,NA,NA,NA
Yangon,MMR013,Kamaryut,MMR013041,98416.9632165703,88,8,330,27556.25,27557.2503016338,0,NA,NA,NA,NA,NA,NA,NA,NA
Yangon,MMR013,Mayangone,MMR013042,230553.5105502536,96,7,307,64555,64555.017045933484,0,NA,NA,NA,NA,NA,NA,NA,NA
Yangon,MMR013,Dagon,MMR013043,29189.115058686,249,8,329,8172.5,8173.04778384729,0,NA,NA,NA,NA,NA,NA,NA,NA
Yangon,MMR013,Bahan,MMR013044,112571.62418693941,135,8,319,31520,31519.94522775214,0,NA,NA,NA,NA,NA,NA,NA,NA
Yangon,MMR013,Seikkan,MMR013045,3288.7504647096184,310,10,298,921.25,921.1498942728779,0,NA,NA,NA,NA,NA,NA,NA,NA
